ID	G45057	G45068	G45071	G45075	G45092	G45099	G45108	G45117	G45123	G45226	G45227	G45250
k__Bacteria	99.98966	99.98245	100	94.73079	100	100	100	99.98405	97.91479	100	100	99.36286
k__Bacteria|p__Acidobacteria	0	0	0	0	0	0	0.00935	0	0	0	0	0
k__Bacteria|p__Acidobacteria|c__Acidobacteriia	0	0	0	0	0	0	0.00935	0	0	0	0	0
k__Bacteria|p__Acidobacteria|c__Acidobacteriia|o__Acidobacteriales	0	0	0	0	0	0	0.00935	0	0	0	0	0
k__Bacteria|p__Acidobacteria|c__Acidobacteriia|o__Acidobacteriales|f__Acidobacteriaceae	0	0	0	0	0	0	0.00935	0	0	0	0	0
k__Bacteria|p__Acidobacteria|c__Acidobacteriia|o__Acidobacteriales|f__Acidobacteriaceae|g__Granulicella	0	0	0	0	0	0	0.00935	0	0	0	0	0
k__Bacteria|p__Acidobacteria|c__Acidobacteriia|o__Acidobacteriales|f__Acidobacteriaceae|g__Granulicella|s__Granulicella_unclassified	0	0	0	0	0	0	0.00935	0	0	0	0	0
k__Bacteria|p__Actinobacteria	0.45892	10.26792	2.82996	18.00192	5.69181	12.60294	13.80014	3.55549	0.17576	21.02093	23.28785	4.48273
k__Bacteria|p__Actinobacteria|c__Actinobacteria	0.45892	10.26792	2.82996	18.00192	5.69181	12.60294	13.80014	3.55549	0.17576	21.02093	23.28785	4.48273
k__Bacteria|p__Actinobacteria|c__Actinobacteria|o__Actinomycetales	0	0	0	0.00244	0	0	0	0	0	0	0.00502	0
k__Bacteria|p__Actinobacteria|c__Actinobacteria|o__Actinomycetales|f__Actinomycetaceae	0	0	0	0.00244	0	0	0	0	0	0	0.00502	0
k__Bacteria|p__Actinobacteria|c__Actinobacteria|o__Actinomycetales|f__Actinomycetaceae|g__Actinomyces	0	0	0	0.00244	0	0	0	0	0	0	0.00502	0
k__Bacteria|p__Actinobacteria|c__Actinobacteria|o__Actinomycetales|f__Actinomycetaceae|g__Actinomyces|s__Actinomyces_graevenitzii	0	0	0	0.00244	0	0	0	0	0	0	0.00502	0
k__Bacteria|p__Actinobacteria|c__Actinobacteria|o__Actinomycetales|f__Actinomycetaceae|g__Actinomyces|s__Actinomyces_graevenitzii|t__Actinomyces_graevenitzii_unclassified	0	0	0	0.00244	0	0	0	0	0	0	0.00502	0
k__Bacteria|p__Actinobacteria|c__Actinobacteria|o__Bifidobacteriales	0.00797	9.52594	2.19697	17.82407	4.8279	12.16992	12.2497	3.374	0.03008	18.54666	20.085	4.03618
k__Bacteria|p__Actinobacteria|c__Actinobacteria|o__Bifidobacteriales|f__Bifidobacteriaceae	0.00797	9.52594	2.19697	17.82407	4.8279	12.16992	12.2497	3.374	0.03008	18.54666	20.085	4.03618
k__Bacteria|p__Actinobacteria|c__Actinobacteria|o__Bifidobacteriales|f__Bifidobacteriaceae|g__Bifidobacterium	0.00797	9.52594	2.19697	17.82407	4.8279	12.16992	12.2497	3.374	0.03008	18.54666	20.085	4.03618
k__Bacteria|p__Actinobacteria|c__Actinobacteria|o__Bifidobacteriales|f__Bifidobacteriaceae|g__Bifidobacterium|s__Bifidobacterium_adolescentis	0	4.62952	0	6.07559	0	0	1.25023	0	0	10.88703	0.00091	0
k__Bacteria|p__Actinobacteria|c__Actinobacteria|o__Bifidobacteriales|f__Bifidobacteriaceae|g__Bifidobacterium|s__Bifidobacterium_adolescentis|t__Bifidobacterium_adolescentis_unclassified	0	4.62952	0	6.07559	0	0	1.25023	0	0	10.88703	0.00091	0
k__Bacteria|p__Actinobacteria|c__Actinobacteria|o__Bifidobacteriales|f__Bifidobacteriaceae|g__Bifidobacterium|s__Bifidobacterium_animalis	0	0	0.17868	0	0	0	0.1091	0	0.03008	0	0.05269	0
k__Bacteria|p__Actinobacteria|c__Actinobacteria|o__Bifidobacteriales|f__Bifidobacteriaceae|g__Bifidobacterium|s__Bifidobacterium_animalis|t__Bifidobacterium_animalis_unclassified	0	0	0.17868	0	0	0	0.1091	0	0.03008	0	0.05269	0
k__Bacteria|p__Actinobacteria|c__Actinobacteria|o__Bifidobacteriales|f__Bifidobacteriaceae|g__Bifidobacterium|s__Bifidobacterium_bifidum	0	2.64694	0	3.82376	1.83141	4.75295	5.46783	0.88165	0	2.86903	0.02823	1.00291
k__Bacteria|p__Actinobacteria|c__Actinobacteria|o__Bifidobacteriales|f__Bifidobacteriaceae|g__Bifidobacterium|s__Bifidobacterium_bifidum|t__Bifidobacterium_bifidum_unclassified	0	2.64694	0	3.82376	1.83141	4.75295	5.46783	0.88165	0	2.86903	0.02823	1.00291
k__Bacteria|p__Actinobacteria|c__Actinobacteria|o__Bifidobacteriales|f__Bifidobacteriaceae|g__Bifidobacterium|s__Bifidobacterium_breve	0	0.00292	0	0	0.09465	0	0.00474	0.10827	0	0.71197	0.60741	0
k__Bacteria|p__Actinobacteria|c__Actinobacteria|o__Bifidobacteriales|f__Bifidobacteriaceae|g__Bifidobacterium|s__Bifidobacterium_breve|t__Bifidobacterium_breve_unclassified	0	0.00292	0	0	0.09465	0	0.00474	0.10827	0	0.71197	0.60741	0
k__Bacteria|p__Actinobacteria|c__Actinobacteria|o__Bifidobacteriales|f__Bifidobacteriaceae|g__Bifidobacterium|s__Bifidobacterium_catenulatum	0	0	0	2.37786	0.76293	0	0	0	0	0	0.00261	0.00213
k__Bacteria|p__Actinobacteria|c__Actinobacteria|o__Bifidobacteriales|f__Bifidobacteriaceae|g__Bifidobacterium|s__Bifidobacterium_catenulatum|t__GCF_000173455	0	0	0	2.37786	0.76293	0	0	0	0	0	0.00261	0.00213
k__Bacteria|p__Actinobacteria|c__Actinobacteria|o__Bifidobacteriales|f__Bifidobacteriaceae|g__Bifidobacterium|s__Bifidobacterium_longum	0.00797	2.10743	2.01829	5.54542	0.639	7.37786	2.83958	1.82112	0	3.69212	9.60561	1.23377
k__Bacteria|p__Actinobacteria|c__Actinobacteria|o__Bifidobacteriales|f__Bifidobacteriaceae|g__Bifidobacterium|s__Bifidobacterium_longum|t__Bifidobacterium_longum_unclassified	0.00797	2.10743	2.01829	5.54542	0.639	7.37786	2.83958	1.82112	0	3.69212	9.60561	1.23377
k__Bacteria|p__Actinobacteria|c__Actinobacteria|o__Bifidobacteriales|f__Bifidobacteriaceae|g__Bifidobacterium|s__Bifidobacterium_pseudocatenulatum	0	0.13913	0	0.00144	1.49991	0	2.57821	0.56296	0	0.38651	9.78753	1.79737
k__Bacteria|p__Actinobacteria|c__Actinobacteria|o__Bifidobacteriales|f__Bifidobacteriaceae|g__Bifidobacterium|s__Bifidobacterium_pseudocatenulatum|t__GCF_000173435	0	0.13913	0	0.00144	1.49991	0	2.57821	0.56296	0	0.38651	9.78753	1.79737
k__Bacteria|p__Actinobacteria|c__Actinobacteria|o__Bifidobacteriales|f__Bifidobacteriaceae|g__Bifidobacterium|s__Bifidobacterium_pseudolongum	0	0	0	0	0	0.03912	0	0	0	0	0	0
k__Bacteria|p__Actinobacteria|c__Actinobacteria|o__Bifidobacteriales|f__Bifidobacteriaceae|g__Bifidobacterium|s__Bifidobacterium_pseudolongum|t__GCF_000421365	0	0	0	0	0	0.03912	0	0	0	0	0	0
k__Bacteria|p__Actinobacteria|c__Actinobacteria|o__Coriobacteriales	0.45096	0.74198	0.63299	0.1754	0.86392	0.43302	1.55044	0.18149	0.14568	2.47427	3.19783	0.44655
k__Bacteria|p__Actinobacteria|c__Actinobacteria|o__Coriobacteriales|f__Coriobacteriaceae	0.45096	0.74198	0.63299	0.1754	0.86392	0.43302	1.55044	0.18149	0.14568	2.47427	3.19783	0.44655
k__Bacteria|p__Actinobacteria|c__Actinobacteria|o__Coriobacteriales|f__Coriobacteriaceae|g__Adlercreutzia	0	0.04975	0.0117	0	0.04258	0	0.02432	0	0	0	0.13797	0.04641
k__Bacteria|p__Actinobacteria|c__Actinobacteria|o__Coriobacteriales|f__Coriobacteriaceae|g__Adlercreutzia|s__Adlercreutzia_equolifaciens	0	0.04975	0.0117	0	0.04258	0	0.02432	0	0	0	0.13797	0.04641
k__Bacteria|p__Actinobacteria|c__Actinobacteria|o__Coriobacteriales|f__Coriobacteriaceae|g__Adlercreutzia|s__Adlercreutzia_equolifaciens|t__GCF_000478885	0	0.04975	0.0117	0	0.04258	0	0.02432	0	0	0	0.13797	0.04641
k__Bacteria|p__Actinobacteria|c__Actinobacteria|o__Coriobacteriales|f__Coriobacteriaceae|g__Collinsella	0	0.63288	0	0	0.65918	0	1.44196	0	0	2.47156	2.38749	0.05803
k__Bacteria|p__Actinobacteria|c__Actinobacteria|o__Coriobacteriales|f__Coriobacteriaceae|g__Collinsella|s__Collinsella_aerofaciens	0	0.63288	0	0	0.65918	0	1.44196	0	0	2.47156	2.38749	0
k__Bacteria|p__Actinobacteria|c__Actinobacteria|o__Coriobacteriales|f__Coriobacteriaceae|g__Collinsella|s__Collinsella_aerofaciens|t__GCF_000169035	0	0.63288	0	0	0.65918	0	1.44196	0	0	2.47156	2.38749	0
k__Bacteria|p__Actinobacteria|c__Actinobacteria|o__Coriobacteriales|f__Coriobacteriaceae|g__Collinsella|s__Collinsella_intestinalis	0	0	0	0	0	0	0	0	0	0	0	0.00275
k__Bacteria|p__Actinobacteria|c__Actinobacteria|o__Coriobacteriales|f__Coriobacteriaceae|g__Collinsella|s__Collinsella_intestinalis|t__GCF_000156175	0	0	0	0	0	0	0	0	0	0	0	0.00275
k__Bacteria|p__Actinobacteria|c__Actinobacteria|o__Coriobacteriales|f__Coriobacteriaceae|g__Collinsella|s__Collinsella_unclassified	0	0	0	0	0	0	0	0	0	0	0	0.05527
k__Bacteria|p__Actinobacteria|c__Actinobacteria|o__Coriobacteriales|f__Coriobacteriaceae|g__Eggerthella	0.45096	0.03564	0.62129	0.1754	0.14874	0.43302	0.07982	0.17384	0.14568	0.00272	0.67236	0.31302
k__Bacteria|p__Actinobacteria|c__Actinobacteria|o__Coriobacteriales|f__Coriobacteriaceae|g__Eggerthella|s__Eggerthella_lenta	0.03806	0	0.11399	0.01533	0.03213	0.04468	0.01045	0.04424	0.00275	0	0.02528	0.03511
k__Bacteria|p__Actinobacteria|c__Actinobacteria|o__Coriobacteriales|f__Coriobacteriaceae|g__Eggerthella|s__Eggerthella_lenta|t__GCF_000024265	0.03806	0	0.11399	0.01533	0.03213	0.04468	0.01045	0.04424	0.00275	0	0.02528	0.03511
k__Bacteria|p__Actinobacteria|c__Actinobacteria|o__Coriobacteriales|f__Coriobacteriaceae|g__Eggerthella|s__Eggerthella_unclassified	0.4129	0.03564	0.5073	0.16007	0.11661	0.38834	0.06938	0.1296	0.14293	0.00272	0.64709	0.27792
k__Bacteria|p__Actinobacteria|c__Actinobacteria|o__Coriobacteriales|f__Coriobacteriaceae|g__Gordonibacter	0	0.02371	0	0	0.01342	0	0.00433	0.00766	0	0	0	0.02909
k__Bacteria|p__Actinobacteria|c__Actinobacteria|o__Coriobacteriales|f__Coriobacteriaceae|g__Gordonibacter|s__Gordonibacter_pamelaeae	0	0.02371	0	0	0.01342	0	0.00433	0.00766	0	0	0	0.02909
k__Bacteria|p__Actinobacteria|c__Actinobacteria|o__Coriobacteriales|f__Coriobacteriaceae|g__Gordonibacter|s__Gordonibacter_pamelaeae|t__GCF_000210055	0	0.02371	0	0	0.01342	0	0.00433	0.00766	0	0	0	0.02909
k__Bacteria|p__Bacteroidetes	72.2805	51.27934	40.18084	38.70895	68.80653	17.29685	45.36889	72.53095	29.49546	26.5218	17.59918	13.63448
k__Bacteria|p__Bacteroidetes|c__Bacteroidia	72.2805	51.27934	40.18084	38.70895	68.80653	17.29685	45.36889	72.53095	29.49546	26.5218	17.59918	13.63448
k__Bacteria|p__Bacteroidetes|c__Bacteroidia|o__Bacteroidales	72.2805	51.27934	40.18084	38.70895	68.80653	17.29685	45.36889	72.53095	29.49546	26.5218	17.59918	13.63448
k__Bacteria|p__Bacteroidetes|c__Bacteroidia|o__Bacteroidales|f__Bacteroidaceae	62.52157	30.93225	38.49238	37.79593	59.05626	14.1452	26.68178	65.83543	24.82844	23.52699	17.00652	12.46709
k__Bacteria|p__Bacteroidetes|c__Bacteroidia|o__Bacteroidales|f__Bacteroidaceae|g__Bacteroides	62.52157	30.93225	38.49238	37.79593	59.05626	14.1452	26.68178	65.83543	24.82844	23.52699	17.00652	12.46709
k__Bacteria|p__Bacteroidetes|c__Bacteroidia|o__Bacteroidales|f__Bacteroidaceae|g__Bacteroides|s__Bacteroides_caccae	0	5.21685	2.48706	0	4.25633	0	0.21344	0	0	2.94291	3.80958	0.00416
k__Bacteria|p__Bacteroidetes|c__Bacteroidia|o__Bacteroidales|f__Bacteroidaceae|g__Bacteroides|s__Bacteroides_caccae|t__Bacteroides_caccae_unclassified	0	5.21685	2.48706	0	4.25633	0	0.21344	0	0	2.94291	3.80958	0.00416
k__Bacteria|p__Bacteroidetes|c__Bacteroidia|o__Bacteroidales|f__Bacteroidaceae|g__Bacteroides|s__Bacteroides_cellulosilyticus	4.00831	0	0	0	0	3.16219	3.41756	0	0	0	0	0
k__Bacteria|p__Bacteroidetes|c__Bacteroidia|o__Bacteroidales|f__Bacteroidaceae|g__Bacteroides|s__Bacteroides_cellulosilyticus|t__Bacteroides_cellulosilyticus_unclassified	4.00831	0	0	0	0	3.16219	3.41756	0	0	0	0	0
k__Bacteria|p__Bacteroidetes|c__Bacteroidia|o__Bacteroidales|f__Bacteroidaceae|g__Bacteroides|s__Bacteroides_clarus	0	0	0	0	0	0	0	0	0	0.88009	0	0
k__Bacteria|p__Bacteroidetes|c__Bacteroidia|o__Bacteroidales|f__Bacteroidaceae|g__Bacteroides|s__Bacteroides_clarus|t__GCF_000195615	0	0	0	0	0	0	0	0	0	0.88009	0	0
k__Bacteria|p__Bacteroidetes|c__Bacteroidia|o__Bacteroidales|f__Bacteroidaceae|g__Bacteroides|s__Bacteroides_coprocola	0	0	0	0	0	0	0	0	0	0.01348	0	0
k__Bacteria|p__Bacteroidetes|c__Bacteroidia|o__Bacteroidales|f__Bacteroidaceae|g__Bacteroides|s__Bacteroides_coprocola|t__GCF_000154845	0	0	0	0	0	0	0	0	0	0.01348	0	0
k__Bacteria|p__Bacteroidetes|c__Bacteroidia|o__Bacteroidales|f__Bacteroidaceae|g__Bacteroides|s__Bacteroides_dorei	14.60833	3.14359	17.96269	0.04054	0.01523	1.10994	5.07216	0.005	0.00253	6.4206	4.18936	0.00422
k__Bacteria|p__Bacteroidetes|c__Bacteroidia|o__Bacteroidales|f__Bacteroidaceae|g__Bacteroides|s__Bacteroides_dorei|t__Bacteroides_dorei_unclassified	14.60833	3.14359	17.96269	0.04054	0.01523	1.10994	5.07216	0.005	0.00253	6.4206	4.18936	0.00422
k__Bacteria|p__Bacteroidetes|c__Bacteroidia|o__Bacteroidales|f__Bacteroidaceae|g__Bacteroides|s__Bacteroides_faecis	0	0	3.63828	3.41096	0	0	2.69018	0	0	0	0	0
k__Bacteria|p__Bacteroidetes|c__Bacteroidia|o__Bacteroidales|f__Bacteroidaceae|g__Bacteroides|s__Bacteroides_faecis|t__GCF_000226135	0	0	3.63828	3.41096	0	0	2.69018	0	0	0	0	0
k__Bacteria|p__Bacteroidetes|c__Bacteroidia|o__Bacteroidales|f__Bacteroidaceae|g__Bacteroides|s__Bacteroides_finegoldii	0	0	0	0	0	0	0	18.63522	0	0	0	0.00367
k__Bacteria|p__Bacteroidetes|c__Bacteroidia|o__Bacteroidales|f__Bacteroidaceae|g__Bacteroides|s__Bacteroides_finegoldii|t__Bacteroides_finegoldii_unclassified	0	0	0	0	0	0	0	18.63522	0	0	0	0.00367
k__Bacteria|p__Bacteroidetes|c__Bacteroidia|o__Bacteroidales|f__Bacteroidaceae|g__Bacteroides|s__Bacteroides_fragilis	6.32569	0.08938	0.806	0.13626	0.32618	0.58349	0.45549	0.00531	0.00219	1.29674	0.00214	0.73724
k__Bacteria|p__Bacteroidetes|c__Bacteroidia|o__Bacteroidales|f__Bacteroidaceae|g__Bacteroides|s__Bacteroides_fragilis|t__Bacteroides_fragilis_unclassified	6.32569	0.08938	0.806	0.13626	0.32618	0.58349	0.45549	0.00531	0.00219	1.29674	0.00214	0.73724
k__Bacteria|p__Bacteroidetes|c__Bacteroidia|o__Bacteroidales|f__Bacteroidaceae|g__Bacteroides|s__Bacteroides_ovatus	30.02109	4.79403	5.60182	4.77566	11.04073	1.41183	3.14881	0.01299	0.00125	1.0531	1.80872	0.18359
k__Bacteria|p__Bacteroidetes|c__Bacteroidia|o__Bacteroidales|f__Bacteroidaceae|g__Bacteroides|s__Bacteroides_ovatus|t__Bacteroides_ovatus_unclassified	30.02109	4.79403	5.60182	4.77566	11.04073	1.41183	3.14881	0.01299	0.00125	1.0531	1.80872	0.18359
k__Bacteria|p__Bacteroidetes|c__Bacteroidia|o__Bacteroidales|f__Bacteroidaceae|g__Bacteroides|s__Bacteroides_plebeius	0	0	0	6.12862	0	0	0	0	0	0	0	0
k__Bacteria|p__Bacteroidetes|c__Bacteroidia|o__Bacteroidales|f__Bacteroidaceae|g__Bacteroides|s__Bacteroides_plebeius|t__GCF_000187895	0	0	0	6.12862	0	0	0	0	0	0	0	0
k__Bacteria|p__Bacteroidetes|c__Bacteroidia|o__Bacteroidales|f__Bacteroidaceae|g__Bacteroides|s__Bacteroides_salyersiae	0	0	0	0	0	0	2.54139	0	0	1.62602	0	0
k__Bacteria|p__Bacteroidetes|c__Bacteroidia|o__Bacteroidales|f__Bacteroidaceae|g__Bacteroides|s__Bacteroides_salyersiae|t__Bacteroides_salyersiae_unclassified	0	0	0	0	0	0	2.54139	0	0	1.62602	0	0
k__Bacteria|p__Bacteroidetes|c__Bacteroidia|o__Bacteroidales|f__Bacteroidaceae|g__Bacteroides|s__Bacteroides_stercoris	0	4.47876	0	0	0.00086	0	0	0.00067	0	0.01757	0	0
k__Bacteria|p__Bacteroidetes|c__Bacteroidia|o__Bacteroidales|f__Bacteroidaceae|g__Bacteroides|s__Bacteroides_stercoris|t__Bacteroides_stercoris_unclassified	0	4.47876	0	0	0.00086	0	0	0.00067	0	0.01757	0	0
k__Bacteria|p__Bacteroidetes|c__Bacteroidia|o__Bacteroidales|f__Bacteroidaceae|g__Bacteroides|s__Bacteroides_thetaiotaomicron	0	0.78737	0.00617	0.02446	0.22547	0	0	0.00451	0	1.36114	0.47804	0
k__Bacteria|p__Bacteroidetes|c__Bacteroidia|o__Bacteroidales|f__Bacteroidaceae|g__Bacteroides|s__Bacteroides_thetaiotaomicron|t__Bacteroides_thetaiotaomicron_unclassified	0	0.78737	0.00617	0.02446	0.22547	0	0	0.00451	0	1.36114	0.47804	0
k__Bacteria|p__Bacteroidetes|c__Bacteroidia|o__Bacteroidales|f__Bacteroidaceae|g__Bacteroides|s__Bacteroides_uniformis	0.00079	10.93836	4.08461	9.33195	0	7.23622	9.13424	33.73623	24.81509	4.63354	6.68173	9.25855
k__Bacteria|p__Bacteroidetes|c__Bacteroidia|o__Bacteroidales|f__Bacteroidaceae|g__Bacteroides|s__Bacteroides_uniformis|t__Bacteroides_uniformis_unclassified	0.00079	10.93836	4.08461	9.33195	0	7.23622	9.13424	33.73623	24.81509	4.63354	6.68173	9.25855
k__Bacteria|p__Bacteroidetes|c__Bacteroidia|o__Bacteroidales|f__Bacteroidaceae|g__Bacteroides|s__Bacteroides_vulgatus	7.55736	1.10501	3.90575	13.92632	43.19145	0.64007	0.0085	13.43549	0.00737	2.94184	0.0278	2.27565
k__Bacteria|p__Bacteroidetes|c__Bacteroidia|o__Bacteroidales|f__Bacteroidaceae|g__Bacteroides|s__Bacteroides_vulgatus|t__Bacteroides_vulgatus_unclassified	7.55736	1.10501	3.90575	13.92632	43.19145	0.64007	0.0085	13.43549	0.00737	2.94184	0.0278	2.27565
k__Bacteria|p__Bacteroidetes|c__Bacteroidia|o__Bacteroidales|f__Bacteroidaceae|g__Bacteroides|s__Bacteroides_xylanisolvens	0	0.37891	0	0.02116	0	0.00147	0	0	0	0.33997	0.00916	0
k__Bacteria|p__Bacteroidetes|c__Bacteroidia|o__Bacteroidales|f__Bacteroidaceae|g__Bacteroides|s__Bacteroides_xylanisolvens|t__Bacteroides_xylanisolvens_unclassified	0	0.37891	0	0.02116	0	0.00147	0	0	0	0.33997	0.00916	0
k__Bacteria|p__Bacteroidetes|c__Bacteroidia|o__Bacteroidales|f__Bacteroidales_noname	0	1.76859	0	0	1.62694	0	0	0	1.20036	0	0	0
k__Bacteria|p__Bacteroidetes|c__Bacteroidia|o__Bacteroidales|f__Bacteroidales_noname|g__Bacteroidales_noname	0	1.76859	0	0	1.62694	0	0	0	1.20036	0	0	0
k__Bacteria|p__Bacteroidetes|c__Bacteroidia|o__Bacteroidales|f__Bacteroidales_noname|g__Bacteroidales_noname|s__Bacteroidales_bacterium_ph8	0	1.76859	0	0	1.62694	0	0	0	1.20036	0	0	0
k__Bacteria|p__Bacteroidetes|c__Bacteroidia|o__Bacteroidales|f__Bacteroidales_noname|g__Bacteroidales_noname|s__Bacteroidales_bacterium_ph8|t__GCF_000311925	0	1.76859	0	0	1.62694	0	0	0	1.20036	0	0	0
k__Bacteria|p__Bacteroidetes|c__Bacteroidia|o__Bacteroidales|f__Porphyromonadaceae	7.78205	4.90616	1.68845	0.91302	3.2756	1.09588	6.12991	4.79095	0	0.91124	0.59024	0.46561
k__Bacteria|p__Bacteroidetes|c__Bacteroidia|o__Bacteroidales|f__Porphyromonadaceae|g__Barnesiella	0	3.50629	0	0	0	0	2.97137	0	0	0	0	0
k__Bacteria|p__Bacteroidetes|c__Bacteroidia|o__Bacteroidales|f__Porphyromonadaceae|g__Barnesiella|s__Barnesiella_intestinihominis	0	3.50629	0	0	0	0	2.97137	0	0	0	0	0
k__Bacteria|p__Bacteroidetes|c__Bacteroidia|o__Bacteroidales|f__Porphyromonadaceae|g__Barnesiella|s__Barnesiella_intestinihominis|t__GCF_000296465	0	3.50629	0	0	0	0	2.97137	0	0	0	0	0
k__Bacteria|p__Bacteroidetes|c__Bacteroidia|o__Bacteroidales|f__Porphyromonadaceae|g__Coprobacter	0	0	0.04336	0	0	0	0	0	0	0	0	0
k__Bacteria|p__Bacteroidetes|c__Bacteroidia|o__Bacteroidales|f__Porphyromonadaceae|g__Coprobacter|s__Coprobacter_fastidiosus	0	0	0.04336	0	0	0	0	0	0	0	0	0
k__Bacteria|p__Bacteroidetes|c__Bacteroidia|o__Bacteroidales|f__Porphyromonadaceae|g__Coprobacter|s__Coprobacter_fastidiosus|t__GCF_000473955	0	0	0.04336	0	0	0	0	0	0	0	0	0
k__Bacteria|p__Bacteroidetes|c__Bacteroidia|o__Bacteroidales|f__Porphyromonadaceae|g__Odoribacter	0	0	0.55614	0	0	0.23994	0	0	0	0	0	0.00782
k__Bacteria|p__Bacteroidetes|c__Bacteroidia|o__Bacteroidales|f__Porphyromonadaceae|g__Odoribacter|s__Odoribacter_splanchnicus	0	0	0.55614	0	0	0.23994	0	0	0	0	0	0
k__Bacteria|p__Bacteroidetes|c__Bacteroidia|o__Bacteroidales|f__Porphyromonadaceae|g__Odoribacter|s__Odoribacter_splanchnicus|t__GCF_000190535	0	0	0.55614	0	0	0.23994	0	0	0	0	0	0
k__Bacteria|p__Bacteroidetes|c__Bacteroidia|o__Bacteroidales|f__Porphyromonadaceae|g__Odoribacter|s__Odoribacter_unclassified	0	0	0	0	0	0	0	0	0	0	0	0.00782
k__Bacteria|p__Bacteroidetes|c__Bacteroidia|o__Bacteroidales|f__Porphyromonadaceae|g__Parabacteroides	7.78205	1.39987	1.08896	0.91302	3.2756	0.85594	3.15853	4.79095	0	0.91124	0.59024	0.4578
k__Bacteria|p__Bacteroidetes|c__Bacteroidia|o__Bacteroidales|f__Porphyromonadaceae|g__Parabacteroides|s__Parabacteroides_distasonis	0.09126	1.18892	0	0.21074	0.93135	0.85594	0.34329	1.60389	0	0.46317	0.2337	0
k__Bacteria|p__Bacteroidetes|c__Bacteroidia|o__Bacteroidales|f__Porphyromonadaceae|g__Parabacteroides|s__Parabacteroides_distasonis|t__Parabacteroides_distasonis_unclassified	0.09126	1.18892	0	0.21074	0.93135	0.85594	0.34329	1.60389	0	0.46317	0.2337	0
k__Bacteria|p__Bacteroidetes|c__Bacteroidia|o__Bacteroidales|f__Porphyromonadaceae|g__Parabacteroides|s__Parabacteroides_goldsteinii	0	0	1.08896	0	0	0	0.14345	0	0	0	0	0
k__Bacteria|p__Bacteroidetes|c__Bacteroidia|o__Bacteroidales|f__Porphyromonadaceae|g__Parabacteroides|s__Parabacteroides_goldsteinii|t__Parabacteroides_goldsteinii_unclassified	0	0	1.08896	0	0	0	0.14345	0	0	0	0	0
k__Bacteria|p__Bacteroidetes|c__Bacteroidia|o__Bacteroidales|f__Porphyromonadaceae|g__Parabacteroides|s__Parabacteroides_johnsonii	0	0	0	0	0	0	0.00049	0	0	0	0	0
k__Bacteria|p__Bacteroidetes|c__Bacteroidia|o__Bacteroidales|f__Porphyromonadaceae|g__Parabacteroides|s__Parabacteroides_johnsonii|t__Parabacteroides_johnsonii_unclassified	0	0	0	0	0	0	0.00049	0	0	0	0	0
k__Bacteria|p__Bacteroidetes|c__Bacteroidia|o__Bacteroidales|f__Porphyromonadaceae|g__Parabacteroides|s__Parabacteroides_merdae	0	0	0	0.68298	0	0	2.6713	0	0	0	0	0
k__Bacteria|p__Bacteroidetes|c__Bacteroidia|o__Bacteroidales|f__Porphyromonadaceae|g__Parabacteroides|s__Parabacteroides_merdae|t__Parabacteroides_merdae_unclassified	0	0	0	0.68298	0	0	2.6713	0	0	0	0	0
k__Bacteria|p__Bacteroidetes|c__Bacteroidia|o__Bacteroidales|f__Porphyromonadaceae|g__Parabacteroides|s__Parabacteroides_unclassified	7.69078	0.21095	0	0.0193	2.34426	0	0	3.18707	0	0.44807	0.35653	0.4578
k__Bacteria|p__Bacteroidetes|c__Bacteroidia|o__Bacteroidales|f__Prevotellaceae	0	0	0	0	0	0	0	0	0	0	0.00242	0
k__Bacteria|p__Bacteroidetes|c__Bacteroidia|o__Bacteroidales|f__Prevotellaceae|g__Prevotella	0	0	0	0	0	0	0	0	0	0	0.00242	0
k__Bacteria|p__Bacteroidetes|c__Bacteroidia|o__Bacteroidales|f__Prevotellaceae|g__Prevotella|s__Prevotella_copri	0	0	0	0	0	0	0	0	0	0	0.00242	0
k__Bacteria|p__Bacteroidetes|c__Bacteroidia|o__Bacteroidales|f__Prevotellaceae|g__Prevotella|s__Prevotella_copri|t__GCF_000157935	0	0	0	0	0	0	0	0	0	0	0.00242	0
k__Bacteria|p__Bacteroidetes|c__Bacteroidia|o__Bacteroidales|f__Rikenellaceae	1.97688	13.67234	0	0	4.84772	2.05577	12.5572	1.90456	3.46666	2.08357	0	0.70178
k__Bacteria|p__Bacteroidetes|c__Bacteroidia|o__Bacteroidales|f__Rikenellaceae|g__Alistipes	1.97688	13.67234	0	0	4.84772	2.05577	12.5572	1.90456	3.46666	2.08357	0	0.70178
k__Bacteria|p__Bacteroidetes|c__Bacteroidia|o__Bacteroidales|f__Rikenellaceae|g__Alistipes|s__Alistipes_finegoldii	0	0.26935	0	0	0.63185	0	0	0	0	0	0	0
k__Bacteria|p__Bacteroidetes|c__Bacteroidia|o__Bacteroidales|f__Rikenellaceae|g__Alistipes|s__Alistipes_finegoldii|t__GCF_000265365	0	0.26935	0	0	0.63185	0	0	0	0	0	0	0
k__Bacteria|p__Bacteroidetes|c__Bacteroidia|o__Bacteroidales|f__Rikenellaceae|g__Alistipes|s__Alistipes_indistinctus	0	0.26545	0	0	0	0	0	0	0	0	0	0
k__Bacteria|p__Bacteroidetes|c__Bacteroidia|o__Bacteroidales|f__Rikenellaceae|g__Alistipes|s__Alistipes_indistinctus|t__GCF_000231275	0	0.26545	0	0	0	0	0	0	0	0	0	0
k__Bacteria|p__Bacteroidetes|c__Bacteroidia|o__Bacteroidales|f__Rikenellaceae|g__Alistipes|s__Alistipes_onderdonkii	0	0	0	0	1.83403	0.66174	3.12649	0	3.30558	0	0	0.09208
k__Bacteria|p__Bacteroidetes|c__Bacteroidia|o__Bacteroidales|f__Rikenellaceae|g__Alistipes|s__Alistipes_onderdonkii|t__GCF_000374505	0	0	0	0	1.83403	0.66174	3.12649	0	3.30558	0	0	0.09208
k__Bacteria|p__Bacteroidetes|c__Bacteroidia|o__Bacteroidales|f__Rikenellaceae|g__Alistipes|s__Alistipes_putredinis	0	3.87145	0	0	2.38184	0.90371	7.72426	0	0	1.2012	0	0
k__Bacteria|p__Bacteroidetes|c__Bacteroidia|o__Bacteroidales|f__Rikenellaceae|g__Alistipes|s__Alistipes_putredinis|t__GCF_000154465	0	3.87145	0	0	2.38184	0.90371	7.72426	0	0	1.2012	0	0
k__Bacteria|p__Bacteroidetes|c__Bacteroidia|o__Bacteroidales|f__Rikenellaceae|g__Alistipes|s__Alistipes_senegalensis	0	0	0	0	0	0	0	0	0.16108	0	0	0
k__Bacteria|p__Bacteroidetes|c__Bacteroidia|o__Bacteroidales|f__Rikenellaceae|g__Alistipes|s__Alistipes_senegalensis|t__GCF_000312145	0	0	0	0	0	0	0	0	0.16108	0	0	0
k__Bacteria|p__Bacteroidetes|c__Bacteroidia|o__Bacteroidales|f__Rikenellaceae|g__Alistipes|s__Alistipes_shahii	0	6.88109	0	0	0	0.49033	1.70644	0	0	0.88236	0	0.6097
k__Bacteria|p__Bacteroidetes|c__Bacteroidia|o__Bacteroidales|f__Rikenellaceae|g__Alistipes|s__Alistipes_shahii|t__GCF_000210575	0	6.88109	0	0	0	0.49033	1.70644	0	0	0.88236	0	0.6097
k__Bacteria|p__Bacteroidetes|c__Bacteroidia|o__Bacteroidales|f__Rikenellaceae|g__Alistipes|s__Alistipes_sp_AP11	0	2.385	0	0	0	0	0	0	0	0	0	0
k__Bacteria|p__Bacteroidetes|c__Bacteroidia|o__Bacteroidales|f__Rikenellaceae|g__Alistipes|s__Alistipes_sp_AP11|t__GCF_000321205	0	2.385	0	0	0	0	0	0	0	0	0	0
k__Bacteria|p__Bacteroidetes|c__Bacteroidia|o__Bacteroidales|f__Rikenellaceae|g__Alistipes|s__Alistipes_sp_HGB5	1.97688	0	0	0	0	0	0	0	0	0	0	0
k__Bacteria|p__Bacteroidetes|c__Bacteroidia|o__Bacteroidales|f__Rikenellaceae|g__Alistipes|s__Alistipes_sp_HGB5|t__GCF_000183485	1.97688	0	0	0	0	0	0	0	0	0	0	0
k__Bacteria|p__Bacteroidetes|c__Bacteroidia|o__Bacteroidales|f__Rikenellaceae|g__Alistipes|s__Alistipes_unclassified	0	0	0	0	0	0	0	1.90456	0	0	0	0
k__Bacteria|p__Firmicutes	26.62782	35.21619	56.58308	36.26222	25.30693	60.92695	34.01637	12.40604	59.81495	52.07049	56.48163	80.83379
k__Bacteria|p__Firmicutes|c__Bacilli	1.37799	0.35058	1.34519	0.67464	0.01509	0.19888	1.07997	0.26718	0.61885	0.45331	4.23928	1.78855
k__Bacteria|p__Firmicutes|c__Bacilli|o__Bacillales	0	0	0	0	0	0.00162	0	0	0	0.00219	0.01429	0
k__Bacteria|p__Firmicutes|c__Bacilli|o__Bacillales|f__Bacillales_noname	0	0	0	0	0	0.00162	0	0	0	0.00219	0.01429	0
k__Bacteria|p__Firmicutes|c__Bacilli|o__Bacillales|f__Bacillales_noname|g__Gemella	0	0	0	0	0	0.00162	0	0	0	0.00219	0.01429	0
k__Bacteria|p__Firmicutes|c__Bacilli|o__Bacillales|f__Bacillales_noname|g__Gemella|s__Gemella_haemolysans	0	0	0	0	0	0	0	0	0	0	0.00436	0
k__Bacteria|p__Firmicutes|c__Bacilli|o__Bacillales|f__Bacillales_noname|g__Gemella|s__Gemella_haemolysans|t__Gemella_haemolysans_unclassified	0	0	0	0	0	0	0	0	0	0	0.00436	0
k__Bacteria|p__Firmicutes|c__Bacilli|o__Bacillales|f__Bacillales_noname|g__Gemella|s__Gemella_sanguinis	0	0	0	0	0	0	0	0	0	0	0.00994	0
k__Bacteria|p__Firmicutes|c__Bacilli|o__Bacillales|f__Bacillales_noname|g__Gemella|s__Gemella_sanguinis|t__GCF_000204335	0	0	0	0	0	0	0	0	0	0	0.00994	0
k__Bacteria|p__Firmicutes|c__Bacilli|o__Bacillales|f__Bacillales_noname|g__Gemella|s__Gemella_unclassified	0	0	0	0	0	0.00162	0	0	0	0.00219	0	0
k__Bacteria|p__Firmicutes|c__Bacilli|o__Lactobacillales	1.37799	0.35058	1.34519	0.67464	0.01509	0.19726	1.07997	0.26718	0.61885	0.45111	4.22498	1.78855
k__Bacteria|p__Firmicutes|c__Bacilli|o__Lactobacillales|f__Carnobacteriaceae	0	0	0	0	0	0	0	0	0.00493	0.01401	0.00478	0
k__Bacteria|p__Firmicutes|c__Bacilli|o__Lactobacillales|f__Carnobacteriaceae|g__Granulicatella	0	0	0	0	0	0	0	0	0.00493	0.01401	0.00478	0
k__Bacteria|p__Firmicutes|c__Bacilli|o__Lactobacillales|f__Carnobacteriaceae|g__Granulicatella|s__Granulicatella_unclassified	0	0	0	0	0	0	0	0	0.00493	0.01401	0.00478	0
k__Bacteria|p__Firmicutes|c__Bacilli|o__Lactobacillales|f__Enterococcaceae	0.00362	0	0	0	0	0	0	0.00581	0	0	0	0
k__Bacteria|p__Firmicutes|c__Bacilli|o__Lactobacillales|f__Enterococcaceae|g__Enterococcus	0.00362	0	0	0	0	0	0	0.00581	0	0	0	0
k__Bacteria|p__Firmicutes|c__Bacilli|o__Lactobacillales|f__Enterococcaceae|g__Enterococcus|s__Enterococcus_avium	0.00362	0	0	0	0	0	0	0	0	0	0	0
k__Bacteria|p__Firmicutes|c__Bacilli|o__Lactobacillales|f__Enterococcaceae|g__Enterococcus|s__Enterococcus_avium|t__Enterococcus_avium_unclassified	0.00362	0	0	0	0	0	0	0	0	0	0	0
k__Bacteria|p__Firmicutes|c__Bacilli|o__Lactobacillales|f__Enterococcaceae|g__Enterococcus|s__Enterococcus_mundtii	0	0	0	0	0	0	0	0.00581	0	0	0	0
k__Bacteria|p__Firmicutes|c__Bacilli|o__Lactobacillales|f__Enterococcaceae|g__Enterococcus|s__Enterococcus_mundtii|t__Enterococcus_mundtii_unclassified	0	0	0	0	0	0	0	0.00581	0	0	0	0
k__Bacteria|p__Firmicutes|c__Bacilli|o__Lactobacillales|f__Lactobacillaceae	0	0.12532	0	0	0	0.00554	0.53235	0	0.0023	0	0.01302	0
k__Bacteria|p__Firmicutes|c__Bacilli|o__Lactobacillales|f__Lactobacillaceae|g__Lactobacillus	0	0.12532	0	0	0	0.00554	0.53235	0	0.0023	0	0.01302	0
k__Bacteria|p__Firmicutes|c__Bacilli|o__Lactobacillales|f__Lactobacillaceae|g__Lactobacillus|s__Lactobacillus_acidophilus	0	0	0	0	0	0	0.50571	0	0.0023	0	0	0
k__Bacteria|p__Firmicutes|c__Bacilli|o__Lactobacillales|f__Lactobacillaceae|g__Lactobacillus|s__Lactobacillus_acidophilus|t__Lactobacillus_acidophilus_unclassified	0	0	0	0	0	0	0.50571	0	0.0023	0	0	0
k__Bacteria|p__Firmicutes|c__Bacilli|o__Lactobacillales|f__Lactobacillaceae|g__Lactobacillus|s__Lactobacillus_casei_paracasei	0	0.12532	0	0	0	0	0	0	0	0	0	0
k__Bacteria|p__Firmicutes|c__Bacilli|o__Lactobacillales|f__Lactobacillaceae|g__Lactobacillus|s__Lactobacillus_casei_paracasei|t__Lactobacillus_casei_paracasei_unclassified	0	0.12532	0	0	0	0	0	0	0	0	0	0
k__Bacteria|p__Firmicutes|c__Bacilli|o__Lactobacillales|f__Lactobacillaceae|g__Lactobacillus|s__Lactobacillus_rhamnosus	0	0	0	0	0	0	0.02664	0	0	0	0.01302	0
k__Bacteria|p__Firmicutes|c__Bacilli|o__Lactobacillales|f__Lactobacillaceae|g__Lactobacillus|s__Lactobacillus_rhamnosus|t__Lactobacillus_rhamnosus_unclassified	0	0	0	0	0	0	0.02664	0	0	0	0.01302	0
k__Bacteria|p__Firmicutes|c__Bacilli|o__Lactobacillales|f__Lactobacillaceae|g__Lactobacillus|s__Lactobacillus_sakei	0	0	0	0	0	0.00554	0	0	0	0	0	0
k__Bacteria|p__Firmicutes|c__Bacilli|o__Lactobacillales|f__Lactobacillaceae|g__Lactobacillus|s__Lactobacillus_sakei|t__Lactobacillus_sakei_unclassified	0	0	0	0	0	0.00554	0	0	0	0	0	0
k__Bacteria|p__Firmicutes|c__Bacilli|o__Lactobacillales|f__Leuconostocaceae	0	0	0	0	0	0	0	0	0.00524	0	0	0
k__Bacteria|p__Firmicutes|c__Bacilli|o__Lactobacillales|f__Leuconostocaceae|g__Leuconostoc	0	0	0	0	0	0	0	0	0.00524	0	0	0
k__Bacteria|p__Firmicutes|c__Bacilli|o__Lactobacillales|f__Leuconostocaceae|g__Leuconostoc|s__Leuconostoc_mesenteroides	0	0	0	0	0	0	0	0	0.00524	0	0	0
k__Bacteria|p__Firmicutes|c__Bacilli|o__Lactobacillales|f__Leuconostocaceae|g__Leuconostoc|s__Leuconostoc_mesenteroides|t__Leuconostoc_mesenteroides_unclassified	0	0	0	0	0	0	0	0	0.00524	0	0	0
k__Bacteria|p__Firmicutes|c__Bacilli|o__Lactobacillales|f__Streptococcaceae	1.37437	0.22526	1.34519	0.67464	0.01509	0.19172	0.54762	0.26136	0.60638	0.4371	4.20719	1.78855
k__Bacteria|p__Firmicutes|c__Bacilli|o__Lactobacillales|f__Streptococcaceae|g__Lactococcus	0.41475	0.12768	0	0	0	0.03714	0.11902	0	0.05309	0	2.45044	1.29926
k__Bacteria|p__Firmicutes|c__Bacilli|o__Lactobacillales|f__Streptococcaceae|g__Lactococcus|s__Lactococcus_lactis	0.41475	0.12768	0	0	0	0.03714	0.11902	0	0	0	2.45044	1.29926
k__Bacteria|p__Firmicutes|c__Bacilli|o__Lactobacillales|f__Streptococcaceae|g__Lactococcus|s__Lactococcus_lactis|t__Lactococcus_lactis_unclassified	0.41475	0.12768	0	0	0	0.03714	0.11902	0	0	0	2.45044	1.29926
k__Bacteria|p__Firmicutes|c__Bacilli|o__Lactobacillales|f__Streptococcaceae|g__Lactococcus|s__Lactococcus_raffinolactis	0	0	0	0	0	0	0	0	0.05309	0	0	0
k__Bacteria|p__Firmicutes|c__Bacilli|o__Lactobacillales|f__Streptococcaceae|g__Lactococcus|s__Lactococcus_raffinolactis|t__GCF_000327305	0	0	0	0	0	0	0	0	0.05309	0	0	0
k__Bacteria|p__Firmicutes|c__Bacilli|o__Lactobacillales|f__Streptococcaceae|g__Streptococcus	0.95963	0.09758	1.34519	0.67464	0.01509	0.15457	0.4286	0.26136	0.55329	0.4371	1.75675	0.48929
k__Bacteria|p__Firmicutes|c__Bacilli|o__Lactobacillales|f__Streptococcaceae|g__Streptococcus|s__Streptococcus_australis	0	0	0	0	0	0.0029	0	0	0.00886	0.03633	0.00569	0.00438
k__Bacteria|p__Firmicutes|c__Bacilli|o__Lactobacillales|f__Streptococcaceae|g__Streptococcus|s__Streptococcus_australis|t__Streptococcus_australis_unclassified	0	0	0	0	0	0.0029	0	0	0.00886	0.03633	0.00569	0.00438
k__Bacteria|p__Firmicutes|c__Bacilli|o__Lactobacillales|f__Streptococcaceae|g__Streptococcus|s__Streptococcus_infantarius	0.04537	0	0	0	0	0	0	0	0	0	0	0
k__Bacteria|p__Firmicutes|c__Bacilli|o__Lactobacillales|f__Streptococcaceae|g__Streptococcus|s__Streptococcus_infantarius|t__Streptococcus_infantarius_unclassified	0.04537	0	0	0	0	0	0	0	0	0	0	0
k__Bacteria|p__Firmicutes|c__Bacilli|o__Lactobacillales|f__Streptococcaceae|g__Streptococcus|s__Streptococcus_infantis	0	0	0	0	0	0	0	0	0	0	0.01016	0
k__Bacteria|p__Firmicutes|c__Bacilli|o__Lactobacillales|f__Streptococcaceae|g__Streptococcus|s__Streptococcus_infantis|t__Streptococcus_infantis_unclassified	0	0	0	0	0	0	0	0	0	0	0.01016	0
k__Bacteria|p__Firmicutes|c__Bacilli|o__Lactobacillales|f__Streptococcaceae|g__Streptococcus|s__Streptococcus_lutetiensis	0.11833	0	0	0	0	0	0	0	0	0	0	0
k__Bacteria|p__Firmicutes|c__Bacilli|o__Lactobacillales|f__Streptococcaceae|g__Streptococcus|s__Streptococcus_lutetiensis|t__GCF_000441535	0.11833	0	0	0	0	0	0	0	0	0	0	0
k__Bacteria|p__Firmicutes|c__Bacilli|o__Lactobacillales|f__Streptococcaceae|g__Streptococcus|s__Streptococcus_mitis_oralis_pneumoniae	0	0	0	0.00175	0	0	0.00064	0	0.02208	0	0.05546	0.00176
k__Bacteria|p__Firmicutes|c__Bacilli|o__Lactobacillales|f__Streptococcaceae|g__Streptococcus|s__Streptococcus_mitis_oralis_pneumoniae|t__Streptococcus_mitis_oralis_pneumoniae_unclassified	0	0	0	0.00175	0	0	0.00064	0	0.02208	0	0.05546	0.00176
k__Bacteria|p__Firmicutes|c__Bacilli|o__Lactobacillales|f__Streptococcaceae|g__Streptococcus|s__Streptococcus_parasanguinis	0.00103	0	0.03973	0.11066	0	0	0.03093	0	0.04313	0.00364	0.25421	0.00752
k__Bacteria|p__Firmicutes|c__Bacilli|o__Lactobacillales|f__Streptococcaceae|g__Streptococcus|s__Streptococcus_parasanguinis|t__Streptococcus_parasanguinis_unclassified	0.00103	0	0.03973	0.11066	0	0	0.03093	0	0.04313	0.00364	0.25421	0.00752
k__Bacteria|p__Firmicutes|c__Bacilli|o__Lactobacillales|f__Streptococcaceae|g__Streptococcus|s__Streptococcus_salivarius	0.09674	0.09758	0.16388	0.55354	0.01098	0.15167	0.00405	0.22648	0.34004	0.27546	1.30135	0.34581
k__Bacteria|p__Firmicutes|c__Bacilli|o__Lactobacillales|f__Streptococcaceae|g__Streptococcus|s__Streptococcus_salivarius|t__Streptococcus_salivarius_unclassified	0.09674	0.09758	0.16388	0.55354	0.01098	0.15167	0.00405	0.22648	0.34004	0.27546	1.30135	0.34581
k__Bacteria|p__Firmicutes|c__Bacilli|o__Lactobacillales|f__Streptococcaceae|g__Streptococcus|s__Streptococcus_sanguinis	0.00094	0	0	0	0	0	0	0.02704	0.01507	0.0156	0.00199	0
k__Bacteria|p__Firmicutes|c__Bacilli|o__Lactobacillales|f__Streptococcaceae|g__Streptococcus|s__Streptococcus_sanguinis|t__Streptococcus_sanguinis_unclassified	0.00094	0	0	0	0	0	0	0.02704	0.01507	0.0156	0.00199	0
k__Bacteria|p__Firmicutes|c__Bacilli|o__Lactobacillales|f__Streptococcaceae|g__Streptococcus|s__Streptococcus_thermophilus	0.69722	0	1.14157	0	0.0041	0	0.39298	0	0.12411	0.10606	0.1279	0.1066
k__Bacteria|p__Firmicutes|c__Bacilli|o__Lactobacillales|f__Streptococcaceae|g__Streptococcus|s__Streptococcus_thermophilus|t__Streptococcus_thermophilus_unclassified	0.69722	0	1.14157	0	0.0041	0	0.39298	0	0.12411	0.10606	0.1279	0.1066
k__Bacteria|p__Firmicutes|c__Bacilli|o__Lactobacillales|f__Streptococcaceae|g__Streptococcus|s__Streptococcus_vestibularis	0	0	0	0.00869	0	0	0	0.00784	0	0	0	0.02322
k__Bacteria|p__Firmicutes|c__Bacilli|o__Lactobacillales|f__Streptococcaceae|g__Streptococcus|s__Streptococcus_vestibularis|t__Streptococcus_vestibularis_unclassified	0	0	0	0.00869	0	0	0	0.00784	0	0	0	0.02322
k__Bacteria|p__Firmicutes|c__Clostridia	23.25308	32.14891	51.10931	34.18913	24.88034	56.73339	32.68233	11.14633	54.67685	48.93467	50.91125	77.32492
k__Bacteria|p__Firmicutes|c__Clostridia|o__Clostridiales	23.25308	32.14891	51.10931	34.18913	24.88034	56.73339	32.68233	11.14633	54.67685	48.93467	50.91125	77.32492
k__Bacteria|p__Firmicutes|c__Clostridia|o__Clostridiales|f__Clostridiaceae	4.69595	0.23469	3.73445	0.28427	0.44381	4.75413	0.39547	3.31903	6.43208	1.95354	5.1789	0.5056
k__Bacteria|p__Firmicutes|c__Clostridia|o__Clostridiales|f__Clostridiaceae|g__Butyricicoccus	0	0	0	0	0	0.04721	0	0.09045	0	0	0	0
k__Bacteria|p__Firmicutes|c__Clostridia|o__Clostridiales|f__Clostridiaceae|g__Butyricicoccus|s__Butyricicoccus_pullicaecorum	0	0	0	0	0	0.04721	0	0.09045	0	0	0	0
k__Bacteria|p__Firmicutes|c__Clostridia|o__Clostridiales|f__Clostridiaceae|g__Butyricicoccus|s__Butyricicoccus_pullicaecorum|t__GCF_000398925	0	0	0	0	0	0.04721	0	0.09045	0	0	0	0
k__Bacteria|p__Firmicutes|c__Clostridia|o__Clostridiales|f__Clostridiaceae|g__Clostridiaceae_noname	0.13814	0	0	0	0	0	0	0	0	0.01757	0.04347	0
k__Bacteria|p__Firmicutes|c__Clostridia|o__Clostridiales|f__Clostridiaceae|g__Clostridiaceae_noname|s__Clostridiaceae_bacterium_JC118	0.13814	0	0	0	0	0	0	0	0	0.01757	0.04347	0
k__Bacteria|p__Firmicutes|c__Clostridia|o__Clostridiales|f__Clostridiaceae|g__Clostridiaceae_noname|s__Clostridiaceae_bacterium_JC118|t__GCF_000313565	0.13814	0	0	0	0	0	0	0	0	0.01757	0.04347	0
k__Bacteria|p__Firmicutes|c__Clostridia|o__Clostridiales|f__Clostridiaceae|g__Clostridium	4.55781	0.23469	3.73445	0.28427	0.44381	4.70692	0.39547	3.22858	6.43208	1.93597	5.13542	0.5056
k__Bacteria|p__Firmicutes|c__Clostridia|o__Clostridiales|f__Clostridiaceae|g__Clostridium|s__Clostridium_asparagiforme	0	0	0.35886	0	0.1001	0.28177	0.02132	0	0.08942	0	0.20603	0.0036
k__Bacteria|p__Firmicutes|c__Clostridia|o__Clostridiales|f__Clostridiaceae|g__Clostridium|s__Clostridium_asparagiforme|t__GCF_000158075	0	0	0.35886	0	0.1001	0.28177	0.02132	0	0.08942	0	0.20603	0.0036
k__Bacteria|p__Firmicutes|c__Clostridia|o__Clostridiales|f__Clostridiaceae|g__Clostridium|s__Clostridium_bolteae	0.60243	0.01058	1.84188	0.05538	0.10162	2.50715	0.05529	1.73596	4.28111	0.16007	0.02933	0.13499
k__Bacteria|p__Firmicutes|c__Clostridia|o__Clostridiales|f__Clostridiaceae|g__Clostridium|s__Clostridium_bolteae|t__Clostridium_bolteae_unclassified	0.60243	0.01058	0	0.05538	0.10162	0	0.05529	0	0	0.16007	0.02933	0.13499
k__Bacteria|p__Firmicutes|c__Clostridia|o__Clostridiales|f__Clostridiaceae|g__Clostridium|s__Clostridium_bolteae|t__GCF_000154365	0	0	1.84188	0	0	2.50715	0	1.73596	4.28111	0	0	0
k__Bacteria|p__Firmicutes|c__Clostridia|o__Clostridiales|f__Clostridiaceae|g__Clostridium|s__Clostridium_citroniae	0	0.0253	0.06862	0.01265	0.038	0.09634	0.01963	0.02141	0.04277	0	0.06656	0.00966
k__Bacteria|p__Firmicutes|c__Clostridia|o__Clostridiales|f__Clostridiaceae|g__Clostridium|s__Clostridium_citroniae|t__GCF_000233455	0	0.0253	0.06862	0.01265	0.038	0.09634	0.01963	0.02141	0.04277	0	0.06656	0.00966
k__Bacteria|p__Firmicutes|c__Clostridia|o__Clostridiales|f__Clostridiaceae|g__Clostridium|s__Clostridium_clostridioforme	0.25183	0	0.68246	0.18711	0.04402	0.43527	0	0.15613	0.16096	0.99391	0.02898	0.23897
k__Bacteria|p__Firmicutes|c__Clostridia|o__Clostridiales|f__Clostridiaceae|g__Clostridium|s__Clostridium_clostridioforme|t__Clostridium_clostridioforme_unclassified	0.25183	0	0.68246	0.18711	0.04402	0.43527	0	0.15613	0.16096	0.99391	0.02898	0
k__Bacteria|p__Firmicutes|c__Clostridia|o__Clostridiales|f__Clostridiaceae|g__Clostridium|s__Clostridium_clostridioforme|t__GCF_000371525	0	0	0	0	0	0	0	0	0	0	0	0.23897
k__Bacteria|p__Firmicutes|c__Clostridia|o__Clostridiales|f__Clostridiaceae|g__Clostridium|s__Clostridium_hathewayi	0.37216	0.04467	0.34592	0.02913	0.0613	0.32176	0.03326	0.14024	0.10374	0.14292	0.08361	0
k__Bacteria|p__Firmicutes|c__Clostridia|o__Clostridiales|f__Clostridiaceae|g__Clostridium|s__Clostridium_hathewayi|t__Clostridium_hathewayi_unclassified	0.37216	0.04467	0.34592	0.02913	0.0613	0	0.03326	0.14024	0.10374	0.14292	0.08361	0
k__Bacteria|p__Firmicutes|c__Clostridia|o__Clostridiales|f__Clostridiaceae|g__Clostridium|s__Clostridium_hathewayi|t__GCF_000371445	0	0	0	0	0	0.32176	0	0	0	0	0	0
k__Bacteria|p__Firmicutes|c__Clostridia|o__Clostridiales|f__Clostridiaceae|g__Clostridium|s__Clostridium_leptum	0	0	0	0	0	0.42772	0.23616	0.00767	0.1071	0	3.43383	0.06927
k__Bacteria|p__Firmicutes|c__Clostridia|o__Clostridiales|f__Clostridiaceae|g__Clostridium|s__Clostridium_leptum|t__GCF_000154345	0	0	0	0	0	0.42772	0.23616	0.00767	0.1071	0	3.43383	0.06927
k__Bacteria|p__Firmicutes|c__Clostridia|o__Clostridiales|f__Clostridiaceae|g__Clostridium|s__Clostridium_nexile	2.90763	0.11992	0.17354	0	0	0.18821	0	0	0	0	1.23303	0
k__Bacteria|p__Firmicutes|c__Clostridia|o__Clostridiales|f__Clostridiaceae|g__Clostridium|s__Clostridium_nexile|t__GCF_000156035	2.90763	0.11992	0.17354	0	0	0.18821	0	0	0	0	1.23303	0
k__Bacteria|p__Firmicutes|c__Clostridia|o__Clostridiales|f__Clostridiaceae|g__Clostridium|s__Clostridium_perfringens	0	0	0	0	0	0	0	0	0	0	0.04543	0
k__Bacteria|p__Firmicutes|c__Clostridia|o__Clostridiales|f__Clostridiaceae|g__Clostridium|s__Clostridium_perfringens|t__Clostridium_perfringens_unclassified	0	0	0	0	0	0	0	0	0	0	0.04543	0
k__Bacteria|p__Firmicutes|c__Clostridia|o__Clostridiales|f__Clostridiaceae|g__Clostridium|s__Clostridium_scindens	0	0	0.0441	0	0	0	0	0	0	0.00108	0	0.00257
k__Bacteria|p__Firmicutes|c__Clostridia|o__Clostridiales|f__Clostridiaceae|g__Clostridium|s__Clostridium_scindens|t__GCF_000154505	0	0	0.0441	0	0	0	0	0	0	0.00108	0	0.00257
k__Bacteria|p__Firmicutes|c__Clostridia|o__Clostridiales|f__Clostridiaceae|g__Clostridium|s__Clostridium_sp_D5	0	0	0	0	0	0	0	0.18832	0	0	0	0
k__Bacteria|p__Firmicutes|c__Clostridia|o__Clostridiales|f__Clostridiaceae|g__Clostridium|s__Clostridium_sp_D5|t__GCF_000190355	0	0	0	0	0	0	0	0.18832	0	0	0	0
k__Bacteria|p__Firmicutes|c__Clostridia|o__Clostridiales|f__Clostridiaceae|g__Clostridium|s__Clostridium_sp_KLE_1755	0	0	0	0	0	0	0	0.80991	1.52251	0	0	0
k__Bacteria|p__Firmicutes|c__Clostridia|o__Clostridiales|f__Clostridiaceae|g__Clostridium|s__Clostridium_sp_KLE_1755|t__GCF_000466465	0	0	0	0	0	0	0	0.80991	1.52251	0	0	0
k__Bacteria|p__Firmicutes|c__Clostridia|o__Clostridiales|f__Clostridiaceae|g__Clostridium|s__Clostridium_symbiosum	0.42376	0.03422	0.21906	0	0.09876	0.44869	0.02981	0.16893	0.12446	0.63799	0.00862	0.04655
k__Bacteria|p__Firmicutes|c__Clostridia|o__Clostridiales|f__Clostridiaceae|g__Clostridium|s__Clostridium_symbiosum|t__Clostridium_symbiosum_unclassified	0.42376	0.03422	0.21906	0	0.09876	0.44869	0.02981	0.16893	0.12446	0.63799	0.00862	0.04655
k__Bacteria|p__Firmicutes|c__Clostridia|o__Clostridiales|f__Clostridiales_Family_XIII_Incertae_Sedis	0	0	0	0	0	0	0	0	0	0	0.00603	0
k__Bacteria|p__Firmicutes|c__Clostridia|o__Clostridiales|f__Clostridiales_Family_XIII_Incertae_Sedis|g__Clostridiales_Family_XIII_Incertae_Sedis_unclassified	0	0	0	0	0	0	0	0	0	0	0.00603	0
k__Bacteria|p__Firmicutes|c__Clostridia|o__Clostridiales|f__Clostridiales_noname	0.514	0.01109	0.10618	0.00962	0.28478	0.06067	0.23696	0.24783	0.13865	0.24987	0.46623	0.10669
k__Bacteria|p__Firmicutes|c__Clostridia|o__Clostridiales|f__Clostridiales_noname|g__Clostridiales_noname	0.04178	0	0.08017	0	0.04596	0.01662	0	0.02025	0	0.00675	0.07177	0
k__Bacteria|p__Firmicutes|c__Clostridia|o__Clostridiales|f__Clostridiales_noname|g__Clostridiales_noname|s__Clostridiales_bacterium_1_7_47FAA	0.04178	0	0.08017	0	0.04596	0.01662	0	0.02025	0	0.00675	0.07177	0
k__Bacteria|p__Firmicutes|c__Clostridia|o__Clostridiales|f__Clostridiales_noname|g__Clostridiales_noname|s__Clostridiales_bacterium_1_7_47FAA|t__GCF_000155435	0.04178	0	0.08017	0	0.04596	0.01662	0	0.02025	0	0.00675	0.07177	0
k__Bacteria|p__Firmicutes|c__Clostridia|o__Clostridiales|f__Clostridiales_noname|g__Flavonifractor	0.47222	0.01109	0.02527	0.00962	0.23882	0.03288	0.23696	0.22409	0.13865	0.24312	0.39396	0.10669
k__Bacteria|p__Firmicutes|c__Clostridia|o__Clostridiales|f__Clostridiales_noname|g__Flavonifractor|s__Flavonifractor_plautii	0.47222	0.01109	0.02527	0.00962	0.23882	0.03288	0.23696	0.22409	0.13865	0.24312	0.39396	0.10669
k__Bacteria|p__Firmicutes|c__Clostridia|o__Clostridiales|f__Clostridiales_noname|g__Flavonifractor|s__Flavonifractor_plautii|t__GCF_000239295	0.47222	0.01109	0.02527	0.00962	0.23882	0.03288	0.23696	0.22409	0.13865	0.24312	0.39396	0.10669
k__Bacteria|p__Firmicutes|c__Clostridia|o__Clostridiales|f__Clostridiales_noname|g__Pseudoflavonifractor	0	0	0.00074	0	0	0.01116	0	0.00349	0	0	0.00051	0
k__Bacteria|p__Firmicutes|c__Clostridia|o__Clostridiales|f__Clostridiales_noname|g__Pseudoflavonifractor|s__Pseudoflavonifractor_capillosus	0	0	0.00074	0	0	0.01116	0	0.00349	0	0	0.00051	0
k__Bacteria|p__Firmicutes|c__Clostridia|o__Clostridiales|f__Clostridiales_noname|g__Pseudoflavonifractor|s__Pseudoflavonifractor_capillosus|t__GCF_000169255	0	0	0.00074	0	0	0.01116	0	0.00349	0	0	0.00051	0
k__Bacteria|p__Firmicutes|c__Clostridia|o__Clostridiales|f__Eubacteriaceae	0	4.39828	0	4.46405	1.80328	0	17.95182	0	7.76293	3.90069	3.85375	37.82833
k__Bacteria|p__Firmicutes|c__Clostridia|o__Clostridiales|f__Eubacteriaceae|g__Eubacterium	0	4.39828	0	4.46405	1.80328	0	17.95182	0	7.76293	3.90069	3.85375	37.82833
k__Bacteria|p__Firmicutes|c__Clostridia|o__Clostridiales|f__Eubacteriaceae|g__Eubacterium|s__Eubacterium_eligens	0	1.57527	0	1.69127	0.90508	0	0.47071	0	0.43941	3.80274	0.38834	0.48566
k__Bacteria|p__Firmicutes|c__Clostridia|o__Clostridiales|f__Eubacteriaceae|g__Eubacterium|s__Eubacterium_eligens|t__GCF_000146185	0	1.57527	0	1.69127	0.90508	0	0.47071	0	0.43941	3.80274	0.38834	0.48566
k__Bacteria|p__Firmicutes|c__Clostridia|o__Clostridiales|f__Eubacteriaceae|g__Eubacterium|s__Eubacterium_hallii	0	0.05561	0	0.52786	0.63606	0	0	0	0.20354	0.09172	2.145	0.68092
k__Bacteria|p__Firmicutes|c__Clostridia|o__Clostridiales|f__Eubacteriaceae|g__Eubacterium|s__Eubacterium_hallii|t__GCF_000173975	0	0.05561	0	0.52786	0.63606	0	0	0	0.20354	0.09172	2.145	0.68092
k__Bacteria|p__Firmicutes|c__Clostridia|o__Clostridiales|f__Eubacteriaceae|g__Eubacterium|s__Eubacterium_limosum	0	0	0	0	0	0	0.00981	0	0	0	0	0
k__Bacteria|p__Firmicutes|c__Clostridia|o__Clostridiales|f__Eubacteriaceae|g__Eubacterium|s__Eubacterium_limosum|t__GCF_000152245	0	0	0	0	0	0	0.00981	0	0	0	0	0
k__Bacteria|p__Firmicutes|c__Clostridia|o__Clostridiales|f__Eubacteriaceae|g__Eubacterium|s__Eubacterium_ramulus	0	0.09459	0	0.08971	0	0	0	0	0	0	0.61031	0
k__Bacteria|p__Firmicutes|c__Clostridia|o__Clostridiales|f__Eubacteriaceae|g__Eubacterium|s__Eubacterium_ramulus|t__GCF_000469345	0	0.09459	0	0.08971	0	0	0	0	0	0	0.61031	0
k__Bacteria|p__Firmicutes|c__Clostridia|o__Clostridiales|f__Eubacteriaceae|g__Eubacterium|s__Eubacterium_rectale	0	2.06223	0	1.9561	0	0	16.83353	0	6.78815	0.00525	0.16064	36.66076
k__Bacteria|p__Firmicutes|c__Clostridia|o__Clostridiales|f__Eubacteriaceae|g__Eubacterium|s__Eubacterium_rectale|t__Eubacterium_rectale_unclassified	0	2.06223	0	1.9561	0	0	16.83353	0	6.78815	0.00525	0.16064	36.66076
k__Bacteria|p__Firmicutes|c__Clostridia|o__Clostridiales|f__Eubacteriaceae|g__Eubacterium|s__Eubacterium_siraeum	0	0.60492	0	0	0	0	0.26034	0	0	0	0	0
k__Bacteria|p__Firmicutes|c__Clostridia|o__Clostridiales|f__Eubacteriaceae|g__Eubacterium|s__Eubacterium_siraeum|t__Eubacterium_siraeum_unclassified	0	0.60492	0	0	0	0	0.26034	0	0	0	0	0
k__Bacteria|p__Firmicutes|c__Clostridia|o__Clostridiales|f__Eubacteriaceae|g__Eubacterium|s__Eubacterium_sp_3_1_31	0	0	0	0	0	0	0	0	0.33184	0	0	0
k__Bacteria|p__Firmicutes|c__Clostridia|o__Clostridiales|f__Eubacteriaceae|g__Eubacterium|s__Eubacterium_sp_3_1_31|t__Eubacterium_sp_3_1_31_unclassified	0	0	0	0	0	0	0	0	0.33184	0	0	0
k__Bacteria|p__Firmicutes|c__Clostridia|o__Clostridiales|f__Eubacteriaceae|g__Eubacterium|s__Eubacterium_ventriosum	0	0.00565	0	0.19911	0.26213	0	0.37743	0	0	0.00098	0.54947	0.00099
k__Bacteria|p__Firmicutes|c__Clostridia|o__Clostridiales|f__Eubacteriaceae|g__Eubacterium|s__Eubacterium_ventriosum|t__GCF_000153885	0	0.00565	0	0.19911	0.26213	0	0.37743	0	0	0.00098	0.54947	0.00099
k__Bacteria|p__Firmicutes|c__Clostridia|o__Clostridiales|f__Lachnospiraceae	5.61912	15.10205	4.73659	9.1988	5.36855	3.15639	3.3259	2.98162	24.60958	14.54546	17.21667	15.5642
k__Bacteria|p__Firmicutes|c__Clostridia|o__Clostridiales|f__Lachnospiraceae|g__Anaerostipes	0.01323	0.07077	0.28746	0.01775	0.03312	0.76632	0.13039	0.19092	0	0.2811	0.04398	0.04311
k__Bacteria|p__Firmicutes|c__Clostridia|o__Clostridiales|f__Lachnospiraceae|g__Anaerostipes|s__Anaerostipes_caccae	0	0	0	0	0.01259	0	0	0	0	0	0	0
k__Bacteria|p__Firmicutes|c__Clostridia|o__Clostridiales|f__Lachnospiraceae|g__Anaerostipes|s__Anaerostipes_caccae|t__GCF_000154305	0	0	0	0	0.01259	0	0	0	0	0	0	0
k__Bacteria|p__Firmicutes|c__Clostridia|o__Clostridiales|f__Lachnospiraceae|g__Anaerostipes|s__Anaerostipes_hadrus	0	0.07077	0.28746	0.01514	0	0.76632	0.13039	0.19092	0	0.2811	0.04398	0.04311
k__Bacteria|p__Firmicutes|c__Clostridia|o__Clostridiales|f__Lachnospiraceae|g__Anaerostipes|s__Anaerostipes_hadrus|t__GCF_000332875	0	0.07077	0.28746	0.01514	0	0.76632	0.13039	0.19092	0	0.2811	0.04398	0.04311
k__Bacteria|p__Firmicutes|c__Clostridia|o__Clostridiales|f__Lachnospiraceae|g__Anaerostipes|s__Anaerostipes_unclassified	0.01323	0	0	0.00261	0.02053	0	0	0	0	0	0	0
k__Bacteria|p__Firmicutes|c__Clostridia|o__Clostridiales|f__Lachnospiraceae|g__Blautia	5.13956	1.85599	2.74706	3.51523	0.64737	1.27313	0.84702	1.67686	5.41036	5.03976	4.16161	1.76202
k__Bacteria|p__Firmicutes|c__Clostridia|o__Clostridiales|f__Lachnospiraceae|g__Blautia|s__Blautia_producta	0	0	0.0059	0	0	0	0	0.01301	0.0033	0	0.00552	0
k__Bacteria|p__Firmicutes|c__Clostridia|o__Clostridiales|f__Lachnospiraceae|g__Blautia|s__Blautia_producta|t__GCF_000373885	0	0	0.0059	0	0	0	0	0.01301	0.0033	0	0.00552	0
k__Bacteria|p__Firmicutes|c__Clostridia|o__Clostridiales|f__Lachnospiraceae|g__Blautia|s__Ruminococcus_gnavus	4.90376	0.09283	1.18709	0.93943	0.05929	1.19399	0.12201	1.59408	2.11902	1.58256	1.69209	0.19731
k__Bacteria|p__Firmicutes|c__Clostridia|o__Clostridiales|f__Lachnospiraceae|g__Blautia|s__Ruminococcus_gnavus|t__Ruminococcus_gnavus_unclassified	4.90376	0.09283	1.18709	0.93943	0.05929	1.19399	0.12201	1.59408	2.11902	1.58256	1.69209	0.19731
k__Bacteria|p__Firmicutes|c__Clostridia|o__Clostridiales|f__Lachnospiraceae|g__Blautia|s__Ruminococcus_obeum	0	0.27288	0	0.01676	0.03242	0	0.1416	0	0.43472	0	1.58696	0.78198
k__Bacteria|p__Firmicutes|c__Clostridia|o__Clostridiales|f__Lachnospiraceae|g__Blautia|s__Ruminococcus_obeum|t__Ruminococcus_obeum_unclassified	0	0.27288	0	0.01676	0.03242	0	0.1416	0	0.43472	0	1.58696	0.78198
k__Bacteria|p__Firmicutes|c__Clostridia|o__Clostridiales|f__Lachnospiraceae|g__Blautia|s__Ruminococcus_torques	0.2358	1.49028	1.55407	2.55904	0.55567	0.07914	0.58341	0.06977	2.85332	3.45719	0.87704	0.78273
k__Bacteria|p__Firmicutes|c__Clostridia|o__Clostridiales|f__Lachnospiraceae|g__Blautia|s__Ruminococcus_torques|t__GCF_000210035	0	0	0	2.55904	0	0	0	0	0	0	0	0
k__Bacteria|p__Firmicutes|c__Clostridia|o__Clostridiales|f__Lachnospiraceae|g__Blautia|s__Ruminococcus_torques|t__Ruminococcus_torques_unclassified	0.2358	1.49028	1.55407	0	0.55567	0.07914	0.58341	0.06977	2.85332	3.45719	0.87704	0.78273
k__Bacteria|p__Firmicutes|c__Clostridia|o__Clostridiales|f__Lachnospiraceae|g__Coprococcus	0	5.15105	0	0.33958	0.32889	0	0.12077	0	0.06817	0	0.55084	4.80691
k__Bacteria|p__Firmicutes|c__Clostridia|o__Clostridiales|f__Lachnospiraceae|g__Coprococcus|s__Coprococcus_catus	0	0.48966	0	0.33958	0	0	0	0	0	0	0.55084	0.51059
k__Bacteria|p__Firmicutes|c__Clostridia|o__Clostridiales|f__Lachnospiraceae|g__Coprococcus|s__Coprococcus_catus|t__GCF_000210555	0	0.48966	0	0.33958	0	0	0	0	0	0	0.55084	0.51059
k__Bacteria|p__Firmicutes|c__Clostridia|o__Clostridiales|f__Lachnospiraceae|g__Coprococcus|s__Coprococcus_comes	0	0.46445	0	0	0	0	0.12077	0	0	0	0	0
k__Bacteria|p__Firmicutes|c__Clostridia|o__Clostridiales|f__Lachnospiraceae|g__Coprococcus|s__Coprococcus_comes|t__GCF_000155875	0	0.46445	0	0	0	0	0.12077	0	0	0	0	0
k__Bacteria|p__Firmicutes|c__Clostridia|o__Clostridiales|f__Lachnospiraceae|g__Coprococcus|s__Coprococcus_eutactus	0	4.19694	0	0	0.32889	0	0	0	0.06817	0	0	0
k__Bacteria|p__Firmicutes|c__Clostridia|o__Clostridiales|f__Lachnospiraceae|g__Coprococcus|s__Coprococcus_eutactus|t__GCF_000154425	0	4.19694	0	0	0.32889	0	0	0	0.06817	0	0	0
k__Bacteria|p__Firmicutes|c__Clostridia|o__Clostridiales|f__Lachnospiraceae|g__Coprococcus|s__Coprococcus_sp_ART55_1	0	0	0	0	0	0	0	0	0	0	0	4.29633
k__Bacteria|p__Firmicutes|c__Clostridia|o__Clostridiales|f__Lachnospiraceae|g__Coprococcus|s__Coprococcus_sp_ART55_1|t__GCF_000210595	0	0	0	0	0	0	0	0	0	0	0	4.29633
k__Bacteria|p__Firmicutes|c__Clostridia|o__Clostridiales|f__Lachnospiraceae|g__Dorea	0.00708	0.39544	0	0.7033	0.05357	0.17187	0.63458	0	0.0453	0.66202	9.44983	1.49204
k__Bacteria|p__Firmicutes|c__Clostridia|o__Clostridiales|f__Lachnospiraceae|g__Dorea|s__Dorea_formicigenerans	0	0.18254	0	0	0.05357	0	0.19593	0	0	0	1.49809	0
k__Bacteria|p__Firmicutes|c__Clostridia|o__Clostridiales|f__Lachnospiraceae|g__Dorea|s__Dorea_formicigenerans|t__Dorea_formicigenerans_unclassified	0	0.18254	0	0	0.05357	0	0.19593	0	0	0	1.49809	0
k__Bacteria|p__Firmicutes|c__Clostridia|o__Clostridiales|f__Lachnospiraceae|g__Dorea|s__Dorea_longicatena	0	0.03853	0	0.7033	0	0	0.43865	0	0	0.66202	7.95174	1.49204
k__Bacteria|p__Firmicutes|c__Clostridia|o__Clostridiales|f__Lachnospiraceae|g__Dorea|s__Dorea_longicatena|t__GCF_000154065	0	0.03853	0	0.7033	0	0	0.43865	0	0	0.66202	7.95174	1.49204
k__Bacteria|p__Firmicutes|c__Clostridia|o__Clostridiales|f__Lachnospiraceae|g__Dorea|s__Dorea_unclassified	0.00708	0.17437	0	0	0	0.17187	0	0	0.0453	0	0	0
k__Bacteria|p__Firmicutes|c__Clostridia|o__Clostridiales|f__Lachnospiraceae|g__Lachnospiraceae_noname	0.43151	7.20088	0.16712	0.47975	1.20897	0.8646	0.82093	0.84465	3.55001	0.80427	2.33603	0.40641
k__Bacteria|p__Firmicutes|c__Clostridia|o__Clostridiales|f__Lachnospiraceae|g__Lachnospiraceae_noname|s__Lachnospiraceae_bacterium_1_1_57FAA	0	6.79705	0	0	0	0	0.01947	0	0	0	0	0.0704
k__Bacteria|p__Firmicutes|c__Clostridia|o__Clostridiales|f__Lachnospiraceae|g__Lachnospiraceae_noname|s__Lachnospiraceae_bacterium_1_1_57FAA|t__GCF_000218445	0	6.79705	0	0	0	0	0.01947	0	0	0	0	0.0704
k__Bacteria|p__Firmicutes|c__Clostridia|o__Clostridiales|f__Lachnospiraceae|g__Lachnospiraceae_noname|s__Lachnospiraceae_bacterium_1_4_56FAA	0.08692	0.00142	0	0.0055	0.02288	0.07859	0	0.0947	0.07931	0.05281	0	0.00664
k__Bacteria|p__Firmicutes|c__Clostridia|o__Clostridiales|f__Lachnospiraceae|g__Lachnospiraceae_noname|s__Lachnospiraceae_bacterium_1_4_56FAA|t__GCF_000218385	0.08692	0.00142	0	0.0055	0.02288	0.07859	0	0.0947	0.07931	0.05281	0	0.00664
k__Bacteria|p__Firmicutes|c__Clostridia|o__Clostridiales|f__Lachnospiraceae|g__Lachnospiraceae_noname|s__Lachnospiraceae_bacterium_2_1_58FAA	0	0	0	0.13922	0	0.01473	0.03715	0.30845	0	0.26046	0	0.0349
k__Bacteria|p__Firmicutes|c__Clostridia|o__Clostridiales|f__Lachnospiraceae|g__Lachnospiraceae_noname|s__Lachnospiraceae_bacterium_2_1_58FAA|t__GCF_000218465	0	0	0	0.13922	0	0.01473	0.03715	0.30845	0	0.26046	0	0.0349
k__Bacteria|p__Firmicutes|c__Clostridia|o__Clostridiales|f__Lachnospiraceae|g__Lachnospiraceae_noname|s__Lachnospiraceae_bacterium_3_1_46FAA	0.00147	0.28582	0	0	0	0	0.00215	0	0.41801	0.01788	0.44801	0.12369
k__Bacteria|p__Firmicutes|c__Clostridia|o__Clostridiales|f__Lachnospiraceae|g__Lachnospiraceae_noname|s__Lachnospiraceae_bacterium_3_1_46FAA|t__GCF_000209405	0.00147	0.28582	0	0	0	0	0.00215	0	0.41801	0.01788	0.44801	0.12369
k__Bacteria|p__Firmicutes|c__Clostridia|o__Clostridiales|f__Lachnospiraceae|g__Lachnospiraceae_noname|s__Lachnospiraceae_bacterium_3_1_57FAA_CT1	0.2222	0	0.04108	0	0.12685	0.00754	0	0	1.03283	0.32101	0	0
k__Bacteria|p__Firmicutes|c__Clostridia|o__Clostridiales|f__Lachnospiraceae|g__Lachnospiraceae_noname|s__Lachnospiraceae_bacterium_3_1_57FAA_CT1|t__GCF_000218405	0.2222	0	0.04108	0	0.12685	0.00754	0	0	1.03283	0.32101	0	0
k__Bacteria|p__Firmicutes|c__Clostridia|o__Clostridiales|f__Lachnospiraceae|g__Lachnospiraceae_noname|s__Lachnospiraceae_bacterium_5_1_57FAA	0	0.00111	0.05321	0	0.02017	0	0	0	0	0.06158	0	0.01522
k__Bacteria|p__Firmicutes|c__Clostridia|o__Clostridiales|f__Lachnospiraceae|g__Lachnospiraceae_noname|s__Lachnospiraceae_bacterium_5_1_57FAA|t__GCF_000218425	0	0.00111	0.05321	0	0.02017	0	0	0	0	0.06158	0	0.01522
k__Bacteria|p__Firmicutes|c__Clostridia|o__Clostridiales|f__Lachnospiraceae|g__Lachnospiraceae_noname|s__Lachnospiraceae_bacterium_5_1_63FAA	0	0.05623	0.02786	0.18542	0.61442	0.01762	0.02268	0.3381	1.91172	0.09052	1.83404	0.14435
k__Bacteria|p__Firmicutes|c__Clostridia|o__Clostridiales|f__Lachnospiraceae|g__Lachnospiraceae_noname|s__Lachnospiraceae_bacterium_5_1_63FAA|t__GCF_000185525	0	0.05623	0.02786	0.18542	0.61442	0.01762	0.02268	0.3381	1.91172	0.09052	1.83404	0.14435
k__Bacteria|p__Firmicutes|c__Clostridia|o__Clostridiales|f__Lachnospiraceae|g__Lachnospiraceae_noname|s__Lachnospiraceae_bacterium_7_1_58FAA	0.12092	0.05925	0.04496	0.00399	0.1474	0.74612	0.17614	0.10341	0.10814	0	0.05398	0.01121
k__Bacteria|p__Firmicutes|c__Clostridia|o__Clostridiales|f__Lachnospiraceae|g__Lachnospiraceae_noname|s__Lachnospiraceae_bacterium_7_1_58FAA|t__GCF_000242155	0.12092	0.05925	0.04496	0.00399	0.1474	0.74612	0.17614	0.10341	0.10814	0	0.05398	0.01121
k__Bacteria|p__Firmicutes|c__Clostridia|o__Clostridiales|f__Lachnospiraceae|g__Lachnospiraceae_noname|s__Lachnospiraceae_bacterium_8_1_57FAA	0	0	0	0.14563	0.27725	0	0.56335	0	0	0	0	0
k__Bacteria|p__Firmicutes|c__Clostridia|o__Clostridiales|f__Lachnospiraceae|g__Lachnospiraceae_noname|s__Lachnospiraceae_bacterium_8_1_57FAA|t__GCF_000185545	0	0	0	0.14563	0.27725	0	0.56335	0	0	0	0	0
k__Bacteria|p__Firmicutes|c__Clostridia|o__Clostridiales|f__Lachnospiraceae|g__Roseburia	0.02774	0.42791	1.53496	4.14318	3.09663	0.08047	0.77222	0.26918	15.53574	7.75831	0.67438	7.0537
k__Bacteria|p__Firmicutes|c__Clostridia|o__Clostridiales|f__Lachnospiraceae|g__Roseburia|s__Roseburia_hominis	0	0.0302	0	0.92701	0.13877	0	0.27061	0	0.78606	0.01913	0.05108	0.37079
k__Bacteria|p__Firmicutes|c__Clostridia|o__Clostridiales|f__Lachnospiraceae|g__Roseburia|s__Roseburia_hominis|t__GCF_000225345	0	0.0302	0	0.92701	0.13877	0	0.27061	0	0.78606	0.01913	0.05108	0.37079
k__Bacteria|p__Firmicutes|c__Clostridia|o__Clostridiales|f__Lachnospiraceae|g__Roseburia|s__Roseburia_intestinalis	0	0.34899	0	0.04114	0.1994	0	0.39042	0	13.23588	0	0.28181	5.53878
k__Bacteria|p__Firmicutes|c__Clostridia|o__Clostridiales|f__Lachnospiraceae|g__Roseburia|s__Roseburia_intestinalis|t__Roseburia_intestinalis_unclassified	0	0.34899	0	0.04114	0.1994	0	0.39042	0	13.23588	0	0.28181	5.53878
k__Bacteria|p__Firmicutes|c__Clostridia|o__Clostridiales|f__Lachnospiraceae|g__Roseburia|s__Roseburia_inulinivorans	0	0.04872	0	3.17502	0.13882	0	0.11118	0	1.5138	7.73918	0.07887	1.14413
k__Bacteria|p__Firmicutes|c__Clostridia|o__Clostridiales|f__Lachnospiraceae|g__Roseburia|s__Roseburia_inulinivorans|t__GCF_000174195	0	0.04872	0	3.17502	0.13882	0	0.11118	0	1.5138	7.73918	0.07887	1.14413
k__Bacteria|p__Firmicutes|c__Clostridia|o__Clostridiales|f__Lachnospiraceae|g__Roseburia|s__Roseburia_unclassified	0.02774	0	1.53496	0	2.61965	0.08047	0	0.26918	0	0	0.26262	0
k__Bacteria|p__Firmicutes|c__Clostridia|o__Clostridiales|f__Oscillospiraceae	0	0.60757	0.91826	0.22647	3.33235	24.92455	1.6074	0.22976	0.45	0	6.31106	0.08485
k__Bacteria|p__Firmicutes|c__Clostridia|o__Clostridiales|f__Oscillospiraceae|g__Oscillibacter	0	0.60757	0.91826	0.22647	3.33235	24.92455	1.6074	0.22976	0.45	0	6.31106	0.08485
k__Bacteria|p__Firmicutes|c__Clostridia|o__Clostridiales|f__Oscillospiraceae|g__Oscillibacter|s__Oscillibacter_sp_KLE_1728	0	0	0	0	0	12.23325	0	0	0	0	0	0
k__Bacteria|p__Firmicutes|c__Clostridia|o__Clostridiales|f__Oscillospiraceae|g__Oscillibacter|s__Oscillibacter_sp_KLE_1728|t__GCF_000469425	0	0	0	0	0	12.23325	0	0	0	0	0	0
k__Bacteria|p__Firmicutes|c__Clostridia|o__Clostridiales|f__Oscillospiraceae|g__Oscillibacter|s__Oscillibacter_sp_KLE_1745	0	0.45524	0	0	0	0	0.54125	0	0	0	4.09587	0
k__Bacteria|p__Firmicutes|c__Clostridia|o__Clostridiales|f__Oscillospiraceae|g__Oscillibacter|s__Oscillibacter_sp_KLE_1745|t__GCF_000469445	0	0.45524	0	0	0	0	0.54125	0	0	0	4.09587	0
k__Bacteria|p__Firmicutes|c__Clostridia|o__Clostridiales|f__Oscillospiraceae|g__Oscillibacter|s__Oscillibacter_unclassified	0	0.15233	0.91826	0.22647	3.33235	12.6913	1.06616	0.22976	0.45	0	2.21518	0.08485
k__Bacteria|p__Firmicutes|c__Clostridia|o__Clostridiales|f__Peptostreptococcaceae	0.08733	0.05786	0.06756	0.0717	0.04993	0.0806	0.07123	0.16173	0.38352	0.0185	0.39815	0.05127
k__Bacteria|p__Firmicutes|c__Clostridia|o__Clostridiales|f__Peptostreptococcaceae|g__Peptostreptococcaceae_noname	0.08733	0.05786	0.06756	0.0717	0.04993	0.0806	0.07123	0.16173	0.38352	0.0185	0.39815	0.04418
k__Bacteria|p__Firmicutes|c__Clostridia|o__Clostridiales|f__Peptostreptococcaceae|g__Peptostreptococcaceae_noname|s__Clostridium_bartlettii	0.08733	0.05786	0.06756	0.05092	0.04993	0.0806	0.07123	0.16173	0.38352	0.0185	0.39815	0.02562
k__Bacteria|p__Firmicutes|c__Clostridia|o__Clostridiales|f__Peptostreptococcaceae|g__Peptostreptococcaceae_noname|s__Clostridium_bartlettii|t__GCF_000154445	0.08733	0.05786	0.06756	0.05092	0.04993	0.0806	0.07123	0.16173	0.38352	0.0185	0.39815	0.02562
k__Bacteria|p__Firmicutes|c__Clostridia|o__Clostridiales|f__Peptostreptococcaceae|g__Peptostreptococcaceae_noname|s__Peptostreptococcaceae_noname_unclassified	0	0	0	0.02078	0	0	0	0	0	0	0	0.01856
k__Bacteria|p__Firmicutes|c__Clostridia|o__Clostridiales|f__Peptostreptococcaceae|g__Peptostreptococcus	0	0	0	0	0	0	0	0	0	0	0	0.00709
k__Bacteria|p__Firmicutes|c__Clostridia|o__Clostridiales|f__Peptostreptococcaceae|g__Peptostreptococcus|s__Peptostreptococcus_stomatis	0	0	0	0	0	0	0	0	0	0	0	0.00709
k__Bacteria|p__Firmicutes|c__Clostridia|o__Clostridiales|f__Peptostreptococcaceae|g__Peptostreptococcus|s__Peptostreptococcus_stomatis|t__GCF_000147675	0	0	0	0	0	0	0	0	0	0	0	0.00709
k__Bacteria|p__Firmicutes|c__Clostridia|o__Clostridiales|f__Ruminococcaceae	12.33668	11.73737	41.54626	19.93423	13.59764	23.75704	9.09354	4.20637	14.90009	28.26661	17.48046	23.18398
k__Bacteria|p__Firmicutes|c__Clostridia|o__Clostridiales|f__Ruminococcaceae|g__Anaerotruncus	0.00671	0.08763	0	0.01616	0.08319	0.16437	0.05516	0.02545	0.04079	0.02024	0.03456	0
k__Bacteria|p__Firmicutes|c__Clostridia|o__Clostridiales|f__Ruminococcaceae|g__Anaerotruncus|s__Anaerotruncus_colihominis	0.00671	0.06304	0	0	0.08319	0.08227	0.0419	0.02545	0.04079	0.02024	0.03456	0
k__Bacteria|p__Firmicutes|c__Clostridia|o__Clostridiales|f__Ruminococcaceae|g__Anaerotruncus|s__Anaerotruncus_colihominis|t__GCF_000154565	0.00671	0.06304	0	0	0.08319	0.08227	0.0419	0.02545	0.04079	0.02024	0.03456	0
k__Bacteria|p__Firmicutes|c__Clostridia|o__Clostridiales|f__Ruminococcaceae|g__Anaerotruncus|s__Anaerotruncus_unclassified	0	0.02459	0	0.01616	0	0.0821	0.01326	0	0	0	0	0
k__Bacteria|p__Firmicutes|c__Clostridia|o__Clostridiales|f__Ruminococcaceae|g__Faecalibacterium	12.08072	6.8174	17.11061	14.27909	7.6299	14.59331	4.96459	3.99222	13.73704	4.33142	13.39022	7.57787
k__Bacteria|p__Firmicutes|c__Clostridia|o__Clostridiales|f__Ruminococcaceae|g__Faecalibacterium|s__Faecalibacterium_prausnitzii	12.08072	6.8174	17.11061	14.27909	7.6299	14.59331	4.96459	3.99222	13.73704	4.33142	13.39022	7.57787
k__Bacteria|p__Firmicutes|c__Clostridia|o__Clostridiales|f__Ruminococcaceae|g__Faecalibacterium|s__Faecalibacterium_prausnitzii|t__Faecalibacterium_prausnitzii_unclassified	12.08072	5.42712	17.11061	6.66758	3.74781	14.59331	4.96459	3.99222	13.73704	4.33142	2.98382	4.19746
k__Bacteria|p__Firmicutes|c__Clostridia|o__Clostridiales|f__Ruminococcaceae|g__Faecalibacterium|s__Faecalibacterium_prausnitzii|t__GCF_000162015	0	0	0	0	0	0	0	0	0	0	10.4064	2.49995
k__Bacteria|p__Firmicutes|c__Clostridia|o__Clostridiales|f__Ruminococcaceae|g__Faecalibacterium|s__Faecalibacterium_prausnitzii|t__GCF_000166035	0	1.39028	0	0	0	0	0	0	0	0	0	0.88045
k__Bacteria|p__Firmicutes|c__Clostridia|o__Clostridiales|f__Ruminococcaceae|g__Faecalibacterium|s__Faecalibacterium_prausnitzii|t__GCF_000210735	0	0	0	7.61152	3.88209	0	0	0	0	0	0	0
k__Bacteria|p__Firmicutes|c__Clostridia|o__Clostridiales|f__Ruminococcaceae|g__Ruminococcaceae_noname	0	0.00144	0	0	0	0.01098	0	0.00047	0.08564	0	0	0
k__Bacteria|p__Firmicutes|c__Clostridia|o__Clostridiales|f__Ruminococcaceae|g__Ruminococcaceae_noname|s__Ruminococcaceae_bacterium_D16	0	0.00144	0	0	0	0.01098	0	0.00047	0.08564	0	0	0
k__Bacteria|p__Firmicutes|c__Clostridia|o__Clostridiales|f__Ruminococcaceae|g__Ruminococcaceae_noname|s__Ruminococcaceae_bacterium_D16|t__GCF_000177015	0	0.00144	0	0	0	0.01098	0	0.00047	0.08564	0	0	0
k__Bacteria|p__Firmicutes|c__Clostridia|o__Clostridiales|f__Ruminococcaceae|g__Ruminococcus	0	2.34299	6.62634	4.74896	3.02481	6.46533	2.46159	0	0	20.36193	2.98322	9.55097
k__Bacteria|p__Firmicutes|c__Clostridia|o__Clostridiales|f__Ruminococcaceae|g__Ruminococcus|s__Ruminococcus_albus	0	0	0	0	0	0	0.00211	0	0	0	0.00343	0
k__Bacteria|p__Firmicutes|c__Clostridia|o__Clostridiales|f__Ruminococcaceae|g__Ruminococcus|s__Ruminococcus_albus|t__Ruminococcus_albus_unclassified	0	0	0	0	0	0	0.00211	0	0	0	0.00343	0
k__Bacteria|p__Firmicutes|c__Clostridia|o__Clostridiales|f__Ruminococcaceae|g__Ruminococcus|s__Ruminococcus_bromii	0	0.00357	6.62634	4.5462	0	6.46533	0	0	0	20.27037	0	4.9582
k__Bacteria|p__Firmicutes|c__Clostridia|o__Clostridiales|f__Ruminococcaceae|g__Ruminococcus|s__Ruminococcus_bromii|t__GCF_000209875	0	0.00357	6.62634	4.5462	0	6.46533	0	0	0	20.27037	0	4.9582
k__Bacteria|p__Firmicutes|c__Clostridia|o__Clostridiales|f__Ruminococcaceae|g__Ruminococcus|s__Ruminococcus_callidus	0	0.94441	0	0.20276	0	0	0	0	0	0.09156	0	0.09077
k__Bacteria|p__Firmicutes|c__Clostridia|o__Clostridiales|f__Ruminococcaceae|g__Ruminococcus|s__Ruminococcus_callidus|t__GCF_000468015	0	0.94441	0	0.20276	0	0	0	0	0	0.09156	0	0.09077
k__Bacteria|p__Firmicutes|c__Clostridia|o__Clostridiales|f__Ruminococcaceae|g__Ruminococcus|s__Ruminococcus_lactaris	0	0.76835	0	0	0.37188	0	0	0	0	0	0	0.1699
k__Bacteria|p__Firmicutes|c__Clostridia|o__Clostridiales|f__Ruminococcaceae|g__Ruminococcus|s__Ruminococcus_lactaris|t__Ruminococcus_lactaris_unclassified	0	0.76835	0	0	0.37188	0	0	0	0	0	0	0.1699
k__Bacteria|p__Firmicutes|c__Clostridia|o__Clostridiales|f__Ruminococcaceae|g__Ruminococcus|s__Ruminococcus_sp_5_1_39BFAA	0	0.62666	0	0	2.65293	0	2.45948	0	0	0	2.97979	4.3321
k__Bacteria|p__Firmicutes|c__Clostridia|o__Clostridiales|f__Ruminococcaceae|g__Ruminococcus|s__Ruminococcus_sp_5_1_39BFAA|t__GCF_000159975	0	0.62666	0	0	2.65293	0	2.45948	0	0	0	2.97979	4.3321
k__Bacteria|p__Firmicutes|c__Clostridia|o__Clostridiales|f__Ruminococcaceae|g__Subdoligranulum	0.24926	2.48791	17.80931	0.89001	2.85973	2.52306	1.6122	0.18823	1.03662	3.55302	1.07245	6.05514
k__Bacteria|p__Firmicutes|c__Clostridia|o__Clostridiales|f__Ruminococcaceae|g__Subdoligranulum|s__Subdoligranulum_sp_4_3_54A2FAA	0	0	0	0	0	0	0	0	0	0	0.22926	0
k__Bacteria|p__Firmicutes|c__Clostridia|o__Clostridiales|f__Ruminococcaceae|g__Subdoligranulum|s__Subdoligranulum_sp_4_3_54A2FAA|t__GCF_000238635	0	0	0	0	0	0	0	0	0	0	0.22926	0
k__Bacteria|p__Firmicutes|c__Clostridia|o__Clostridiales|f__Ruminococcaceae|g__Subdoligranulum|s__Subdoligranulum_unclassified	0.24926	2.48791	17.80931	0.89001	2.85973	2.52306	1.6122	0.18823	1.03662	3.55302	0.84319	6.05514
k__Bacteria|p__Firmicutes|c__Erysipelotrichia	0.27799	0.08471	0.68658	0.50337	0.40138	0.86915	0.22884	0.62034	3.57089	0.73102	0.65341	0.06112
k__Bacteria|p__Firmicutes|c__Erysipelotrichia|o__Erysipelotrichales	0.27799	0.08471	0.68658	0.50337	0.40138	0.86915	0.22884	0.62034	3.57089	0.73102	0.65341	0.06112
k__Bacteria|p__Firmicutes|c__Erysipelotrichia|o__Erysipelotrichales|f__Erysipelotrichaceae	0.27799	0.08471	0.68658	0.50337	0.40138	0.86915	0.22884	0.62034	3.57089	0.73102	0.65341	0.06112
k__Bacteria|p__Firmicutes|c__Erysipelotrichia|o__Erysipelotrichales|f__Erysipelotrichaceae|g__Coprobacillus	0.08645	0.02563	0.11456	0	0.20876	0.72905	0.04435	0.14596	0.61322	0.38489	0.49311	0
k__Bacteria|p__Firmicutes|c__Erysipelotrichia|o__Erysipelotrichales|f__Erysipelotrichaceae|g__Coprobacillus|s__Coprobacillus_unclassified	0.08645	0.02563	0.11456	0	0.20876	0.72905	0.04435	0.14596	0.61322	0.38489	0.49311	0
k__Bacteria|p__Firmicutes|c__Erysipelotrichia|o__Erysipelotrichales|f__Erysipelotrichaceae|g__Erysipelotrichaceae_noname	0.19154	0.01779	0.308	0.50337	0.11312	0.1401	0.09845	0.3639	2.65465	0.16367	0.05876	0.02871
k__Bacteria|p__Firmicutes|c__Erysipelotrichia|o__Erysipelotrichales|f__Erysipelotrichaceae|g__Erysipelotrichaceae_noname|s__Clostridium_innocuum	0.09598	0	0	0	0	0.02475	0	0	0	0.03234	0	0
k__Bacteria|p__Firmicutes|c__Erysipelotrichia|o__Erysipelotrichales|f__Erysipelotrichaceae|g__Erysipelotrichaceae_noname|s__Clostridium_innocuum|t__GCF_000371425	0.09598	0	0	0	0	0.02475	0	0	0	0.03234	0	0
k__Bacteria|p__Firmicutes|c__Erysipelotrichia|o__Erysipelotrichales|f__Erysipelotrichaceae|g__Erysipelotrichaceae_noname|s__Clostridium_ramosum	0	0	0.03834	0	0.11312	0.06051	0.01718	0.34649	0	0.10807	0.001	0
k__Bacteria|p__Firmicutes|c__Erysipelotrichia|o__Erysipelotrichales|f__Erysipelotrichaceae|g__Erysipelotrichaceae_noname|s__Clostridium_ramosum|t__GCF_000154485	0	0	0.03834	0	0.11312	0.06051	0.01718	0.34649	0	0.10807	0.001	0
k__Bacteria|p__Firmicutes|c__Erysipelotrichia|o__Erysipelotrichales|f__Erysipelotrichaceae|g__Erysipelotrichaceae_noname|s__Erysipelotrichaceae_bacterium_21_3	0	0	0.0204	0	0	0.00774	0	0.01741	0	0	0.02792	0
k__Bacteria|p__Firmicutes|c__Erysipelotrichia|o__Erysipelotrichales|f__Erysipelotrichaceae|g__Erysipelotrichaceae_noname|s__Erysipelotrichaceae_bacterium_21_3|t__GCF_000242195	0	0	0.0204	0	0	0.00774	0	0.01741	0	0	0.02792	0
k__Bacteria|p__Firmicutes|c__Erysipelotrichia|o__Erysipelotrichales|f__Erysipelotrichaceae|g__Erysipelotrichaceae_noname|s__Erysipelotrichaceae_bacterium_2_2_44A	0.09556	0.0094	0.00236	0	0	0.03686	0.00908	0	0	0.02326	0.00539	0.0037
k__Bacteria|p__Firmicutes|c__Erysipelotrichia|o__Erysipelotrichales|f__Erysipelotrichaceae|g__Erysipelotrichaceae_noname|s__Erysipelotrichaceae_bacterium_2_2_44A|t__GCF_000225685	0.09556	0.0094	0.00236	0	0	0.03686	0.00908	0	0	0.02326	0.00539	0.0037
k__Bacteria|p__Firmicutes|c__Erysipelotrichia|o__Erysipelotrichales|f__Erysipelotrichaceae|g__Erysipelotrichaceae_noname|s__Erysipelotrichaceae_bacterium_3_1_53	0	0	0.07242	0	0	0.00473	0	0	0	0	0	0.01908
k__Bacteria|p__Firmicutes|c__Erysipelotrichia|o__Erysipelotrichales|f__Erysipelotrichaceae|g__Erysipelotrichaceae_noname|s__Erysipelotrichaceae_bacterium_3_1_53|t__GCF_000165065	0	0	0.07242	0	0	0.00473	0	0	0	0	0	0.01908
k__Bacteria|p__Firmicutes|c__Erysipelotrichia|o__Erysipelotrichales|f__Erysipelotrichaceae|g__Erysipelotrichaceae_noname|s__Erysipelotrichaceae_bacterium_5_2_54FAA	0	0	0	0	0	0	0	0	0.00549	0	0	0
k__Bacteria|p__Firmicutes|c__Erysipelotrichia|o__Erysipelotrichales|f__Erysipelotrichaceae|g__Erysipelotrichaceae_noname|s__Erysipelotrichaceae_bacterium_5_2_54FAA|t__GCF_000163515	0	0	0	0	0	0	0	0	0.00549	0	0	0
k__Bacteria|p__Firmicutes|c__Erysipelotrichia|o__Erysipelotrichales|f__Erysipelotrichaceae|g__Erysipelotrichaceae_noname|s__Erysipelotrichaceae_bacterium_6_1_45	0	0.00839	0.17448	0	0	0.00551	0	0	0	0	0.02445	0.00592
k__Bacteria|p__Firmicutes|c__Erysipelotrichia|o__Erysipelotrichales|f__Erysipelotrichaceae|g__Erysipelotrichaceae_noname|s__Erysipelotrichaceae_bacterium_6_1_45|t__GCF_000242175	0	0.00839	0.17448	0	0	0.00551	0	0	0	0	0.02445	0.00592
k__Bacteria|p__Firmicutes|c__Erysipelotrichia|o__Erysipelotrichales|f__Erysipelotrichaceae|g__Erysipelotrichaceae_noname|s__Eubacterium_biforme	0	0	0	0.50337	0	0	0	0	2.64916	0	0	0
k__Bacteria|p__Firmicutes|c__Erysipelotrichia|o__Erysipelotrichales|f__Erysipelotrichaceae|g__Erysipelotrichaceae_noname|s__Eubacterium_biforme|t__GCF_000156655	0	0	0	0.50337	0	0	0	0	2.64916	0	0	0
k__Bacteria|p__Firmicutes|c__Erysipelotrichia|o__Erysipelotrichales|f__Erysipelotrichaceae|g__Erysipelotrichaceae_noname|s__Eubacterium_cylindroides	0	0	0	0	0	0	0.07219	0	0	0	0	0
k__Bacteria|p__Firmicutes|c__Erysipelotrichia|o__Erysipelotrichales|f__Erysipelotrichaceae|g__Erysipelotrichaceae_noname|s__Eubacterium_cylindroides|t__GCF_000469305	0	0	0	0	0	0	0.07219	0	0	0	0	0
k__Bacteria|p__Firmicutes|c__Erysipelotrichia|o__Erysipelotrichales|f__Erysipelotrichaceae|g__Holdemania	0	0.04129	0.26402	0	0.0795	0	0.08604	0.11048	0.30302	0.18246	0.10153	0.01942
k__Bacteria|p__Firmicutes|c__Erysipelotrichia|o__Erysipelotrichales|f__Erysipelotrichaceae|g__Holdemania|s__Holdemania_filiformis	0	0.03704	0.26402	0	0.0795	0	0.08604	0.11048	0.30302	0	0.04909	0.00418
k__Bacteria|p__Firmicutes|c__Erysipelotrichia|o__Erysipelotrichales|f__Erysipelotrichaceae|g__Holdemania|s__Holdemania_filiformis|t__GCF_000157995	0	0.03704	0.26402	0	0.0795	0	0.08604	0.11048	0.30302	0	0.04909	0.00418
k__Bacteria|p__Firmicutes|c__Erysipelotrichia|o__Erysipelotrichales|f__Erysipelotrichaceae|g__Holdemania|s__Holdemania_unclassified	0	0.00425	0	0	0	0	0	0	0	0.18246	0.05245	0.01524
k__Bacteria|p__Firmicutes|c__Erysipelotrichia|o__Erysipelotrichales|f__Erysipelotrichaceae|g__Solobacterium	0	0	0	0	0	0	0	0	0	0	0	0.013
k__Bacteria|p__Firmicutes|c__Erysipelotrichia|o__Erysipelotrichales|f__Erysipelotrichaceae|g__Solobacterium|s__Solobacterium_moorei	0	0	0	0	0	0	0	0	0	0	0	0.013
k__Bacteria|p__Firmicutes|c__Erysipelotrichia|o__Erysipelotrichales|f__Erysipelotrichaceae|g__Solobacterium|s__Solobacterium_moorei|t__GCF_000186945	0	0	0	0	0	0	0	0	0	0	0	0.013
k__Bacteria|p__Firmicutes|c__Negativicutes	1.71876	2.63198	3.44201	0.89507	0.01012	3.12553	0.02524	0.37219	0.94836	1.9515	0.67769	1.65919
k__Bacteria|p__Firmicutes|c__Negativicutes|o__Selenomonadales	1.71876	2.63198	3.44201	0.89507	0.01012	3.12553	0.02524	0.37219	0.94836	1.9515	0.67769	1.65919
k__Bacteria|p__Firmicutes|c__Negativicutes|o__Selenomonadales|f__Veillonellaceae	1.71876	2.63198	3.44201	0.89507	0.01012	3.12553	0.02524	0.37219	0.94836	1.9515	0.67769	1.65919
k__Bacteria|p__Firmicutes|c__Negativicutes|o__Selenomonadales|f__Veillonellaceae|g__Dialister	0	2.61166	3.25317	0	0	2.95902	0	0	0	1.81726	0.12538	1.51068
k__Bacteria|p__Firmicutes|c__Negativicutes|o__Selenomonadales|f__Veillonellaceae|g__Dialister|s__Dialister_invisus	0	2.61166	3.25317	0	0	2.95902	0	0	0	1.81726	0.12538	1.51068
k__Bacteria|p__Firmicutes|c__Negativicutes|o__Selenomonadales|f__Veillonellaceae|g__Dialister|s__Dialister_invisus|t__GCF_000160055	0	2.61166	3.25317	0	0	2.95902	0	0	0	1.81726	0.12538	1.51068
k__Bacteria|p__Firmicutes|c__Negativicutes|o__Selenomonadales|f__Veillonellaceae|g__Megamonas	0	0	0	0	0	0	0	0	0	0	0	0.06388
k__Bacteria|p__Firmicutes|c__Negativicutes|o__Selenomonadales|f__Veillonellaceae|g__Megamonas|s__Megamonas_hypermegale	0	0	0	0	0	0	0	0	0	0	0	0.02468
k__Bacteria|p__Firmicutes|c__Negativicutes|o__Selenomonadales|f__Veillonellaceae|g__Megamonas|s__Megamonas_hypermegale|t__GCF_000209975	0	0	0	0	0	0	0	0	0	0	0	0.02468
k__Bacteria|p__Firmicutes|c__Negativicutes|o__Selenomonadales|f__Veillonellaceae|g__Megamonas|s__Megamonas_unclassified	0	0	0	0	0	0	0	0	0	0	0	0.0392
k__Bacteria|p__Firmicutes|c__Negativicutes|o__Selenomonadales|f__Veillonellaceae|g__Mitsuokella	0	0	0	0	0	0	0.01371	0	0	0	0	0
k__Bacteria|p__Firmicutes|c__Negativicutes|o__Selenomonadales|f__Veillonellaceae|g__Mitsuokella|s__Mitsuokella_unclassified	0	0	0	0	0	0	0.01371	0	0	0	0	0
k__Bacteria|p__Firmicutes|c__Negativicutes|o__Selenomonadales|f__Veillonellaceae|g__Veillonella	1.71876	0.02032	0.18884	0.89507	0.01012	0.16651	0.01153	0.37219	0.94836	0.13423	0.55231	0.08463
k__Bacteria|p__Firmicutes|c__Negativicutes|o__Selenomonadales|f__Veillonellaceae|g__Veillonella|s__Veillonella_atypica	0.1381	0	0.06932	0.07218	0	0.00415	0	0.00051	0.22959	0.01612	0.52426	0.02057
k__Bacteria|p__Firmicutes|c__Negativicutes|o__Selenomonadales|f__Veillonellaceae|g__Veillonella|s__Veillonella_atypica|t__Veillonella_atypica_unclassified	0.1381	0	0.06932	0.07218	0	0.00415	0	0.00051	0.22959	0.01612	0.52426	0.02057
k__Bacteria|p__Firmicutes|c__Negativicutes|o__Selenomonadales|f__Veillonellaceae|g__Veillonella|s__Veillonella_dispar	0.0263	0	0.00137	0.04622	0	0	0	0.00419	0.01455	0	0.004	0
k__Bacteria|p__Firmicutes|c__Negativicutes|o__Selenomonadales|f__Veillonellaceae|g__Veillonella|s__Veillonella_dispar|t__GCF_000160015	0.0263	0	0.00137	0.04622	0	0	0	0.00419	0.01455	0	0.004	0
k__Bacteria|p__Firmicutes|c__Negativicutes|o__Selenomonadales|f__Veillonellaceae|g__Veillonella|s__Veillonella_parvula	0.42465	0.02032	0.09017	0.20756	0	0.09042	0	0.24832	0.33074	0.03694	0.02405	0.02953
k__Bacteria|p__Firmicutes|c__Negativicutes|o__Selenomonadales|f__Veillonellaceae|g__Veillonella|s__Veillonella_parvula|t__Veillonella_parvula_unclassified	0.42465	0.02032	0.09017	0.20756	0	0.09042	0	0.24832	0.33074	0.03694	0.02405	0.02953
k__Bacteria|p__Firmicutes|c__Negativicutes|o__Selenomonadales|f__Veillonellaceae|g__Veillonella|s__Veillonella_unclassified	1.12971	0	0.02797	0.56911	0.01012	0.07193	0.01153	0.11917	0.37348	0.08117	0	0.03453
k__Bacteria|p__Proteobacteria	0.62242	1.98311	0.38639	1.20835	0.19473	0.16367	6.72508	11.49157	8.42861	0.38678	2.63135	0.23177
k__Bacteria|p__Proteobacteria|c__Betaproteobacteria	0.52991	0.41415	0	0.54189	0.11252	0.06683	5.11489	0	1.21723	0.09685	0.2592	0.07334
k__Bacteria|p__Proteobacteria|c__Betaproteobacteria|o__Burkholderiales	0.52991	0.41415	0	0.54189	0.11252	0.06683	5.11489	0	1.21723	0.09685	0.2592	0.07334
k__Bacteria|p__Proteobacteria|c__Betaproteobacteria|o__Burkholderiales|f__Burkholderiales_noname	0.32511	0.20893	0	0.01666	0.06115	0.03888	0	0	0.20851	0	0.13704	0.05963
k__Bacteria|p__Proteobacteria|c__Betaproteobacteria|o__Burkholderiales|f__Burkholderiales_noname|g__Burkholderiales_noname	0.32511	0.20893	0	0.01666	0.06115	0.03888	0	0	0.20851	0	0.13704	0.05963
k__Bacteria|p__Proteobacteria|c__Betaproteobacteria|o__Burkholderiales|f__Burkholderiales_noname|g__Burkholderiales_noname|s__Burkholderiales_bacterium_1_1_47	0.32511	0.20893	0	0.01666	0.06115	0.03888	0	0	0.20851	0	0.13704	0.05963
k__Bacteria|p__Proteobacteria|c__Betaproteobacteria|o__Burkholderiales|f__Burkholderiales_noname|g__Burkholderiales_noname|s__Burkholderiales_bacterium_1_1_47|t__GCF_000144975	0.32511	0.20893	0	0.01666	0.06115	0.03888	0	0	0.20851	0	0.13704	0.05963
k__Bacteria|p__Proteobacteria|c__Betaproteobacteria|o__Burkholderiales|f__Sutterellaceae	0.2048	0.20522	0	0.52523	0.05137	0.02796	5.11489	0	1.00872	0.09685	0.12215	0.01371
k__Bacteria|p__Proteobacteria|c__Betaproteobacteria|o__Burkholderiales|f__Sutterellaceae|g__Parasutterella	0.2048	0.20522	0	0.01047	0.05137	0.02796	0	0	1.00872	0	0.12215	0.01371
k__Bacteria|p__Proteobacteria|c__Betaproteobacteria|o__Burkholderiales|f__Sutterellaceae|g__Parasutterella|s__Parasutterella_excrementihominis	0.2048	0.20522	0	0.01047	0.05137	0.02796	0	0	1.00872	0	0.12215	0.01371
k__Bacteria|p__Proteobacteria|c__Betaproteobacteria|o__Burkholderiales|f__Sutterellaceae|g__Parasutterella|s__Parasutterella_excrementihominis|t__GCF_000205025	0.2048	0.20522	0	0.01047	0.05137	0.02796	0	0	1.00872	0	0.12215	0.01371
k__Bacteria|p__Proteobacteria|c__Betaproteobacteria|o__Burkholderiales|f__Sutterellaceae|g__Sutterella	0	0	0	0	0	0	5.11489	0	0	0.09685	0	0
k__Bacteria|p__Proteobacteria|c__Betaproteobacteria|o__Burkholderiales|f__Sutterellaceae|g__Sutterellaceae_unclassified	0	0	0	0.51476	0	0	0	0	0	0	0	0
k__Bacteria|p__Proteobacteria|c__Betaproteobacteria|o__Burkholderiales|f__Sutterellaceae|g__Sutterella|s__Sutterella_wadsworthensis	0	0	0	0	0	0	5.11489	0	0	0.09685	0	0
k__Bacteria|p__Proteobacteria|c__Betaproteobacteria|o__Burkholderiales|f__Sutterellaceae|g__Sutterella|s__Sutterella_wadsworthensis|t__GCF_000411515	0	0	0	0	0	0	5.04885	0	0	0	0	0
k__Bacteria|p__Proteobacteria|c__Betaproteobacteria|o__Burkholderiales|f__Sutterellaceae|g__Sutterella|s__Sutterella_wadsworthensis|t__Sutterella_wadsworthensis_unclassified	0	0	0	0	0	0	0.06604	0	0	0.09685	0	0
k__Bacteria|p__Proteobacteria|c__Deltaproteobacteria	0	0.90401	0	0.5628	0.08221	0	1.61019	0	0.59447	0.00525	0	0.09784
k__Bacteria|p__Proteobacteria|c__Deltaproteobacteria|o__Desulfovibrionales	0	0.90401	0	0.5628	0.08221	0	1.61019	0	0.59447	0.00525	0	0.09784
k__Bacteria|p__Proteobacteria|c__Deltaproteobacteria|o__Desulfovibrionales|f__Desulfovibrionaceae	0	0.90401	0	0.5628	0.08221	0	1.61019	0	0.59447	0.00525	0	0.09784
k__Bacteria|p__Proteobacteria|c__Deltaproteobacteria|o__Desulfovibrionales|f__Desulfovibrionaceae|g__Bilophila	0	0.80028	0	0.5628	0.08221	0	1.61019	0	0.59447	0.00525	0	0.09784
k__Bacteria|p__Proteobacteria|c__Deltaproteobacteria|o__Desulfovibrionales|f__Desulfovibrionaceae|g__Bilophila|s__Bilophila_unclassified	0	0.69271	0	0.55865	0.08221	0	1.52065	0	0.48534	0.00525	0	0.09228
k__Bacteria|p__Proteobacteria|c__Deltaproteobacteria|o__Desulfovibrionales|f__Desulfovibrionaceae|g__Bilophila|s__Bilophila_wadsworthia	0	0.10757	0	0.00415	0	0	0.08954	0	0.10913	0	0	0.00557
k__Bacteria|p__Proteobacteria|c__Deltaproteobacteria|o__Desulfovibrionales|f__Desulfovibrionaceae|g__Bilophila|s__Bilophila_wadsworthia|t__GCF_000185705	0	0.10757	0	0.00415	0	0	0.08954	0	0.10913	0	0	0.00557
k__Bacteria|p__Proteobacteria|c__Deltaproteobacteria|o__Desulfovibrionales|f__Desulfovibrionaceae|g__Desulfovibrio	0	0.10372	0	0	0	0	0	0	0	0	0	0
k__Bacteria|p__Proteobacteria|c__Deltaproteobacteria|o__Desulfovibrionales|f__Desulfovibrionaceae|g__Desulfovibrio|s__Desulfovibrio_desulfuricans	0	0.10372	0	0	0	0	0	0	0	0	0	0
k__Bacteria|p__Proteobacteria|c__Deltaproteobacteria|o__Desulfovibrionales|f__Desulfovibrionaceae|g__Desulfovibrio|s__Desulfovibrio_desulfuricans|t__Desulfovibrio_desulfuricans_unclassified	0	0.10372	0	0	0	0	0	0	0	0	0	0
k__Bacteria|p__Proteobacteria|c__Epsilonproteobacteria	0	0	0.03342	0	0	0	0	0	0	0	0	0
k__Bacteria|p__Proteobacteria|c__Epsilonproteobacteria|o__Campylobacterales	0	0	0.03342	0	0	0	0	0	0	0	0	0
k__Bacteria|p__Proteobacteria|c__Epsilonproteobacteria|o__Campylobacterales|f__Campylobacteraceae	0	0	0.03342	0	0	0	0	0	0	0	0	0
k__Bacteria|p__Proteobacteria|c__Epsilonproteobacteria|o__Campylobacterales|f__Campylobacteraceae|g__Campylobacter	0	0	0.03342	0	0	0	0	0	0	0	0	0
k__Bacteria|p__Proteobacteria|c__Epsilonproteobacteria|o__Campylobacterales|f__Campylobacteraceae|g__Campylobacter|s__Campylobacter_upsaliensis	0	0	0.03342	0	0	0	0	0	0	0	0	0
k__Bacteria|p__Proteobacteria|c__Epsilonproteobacteria|o__Campylobacterales|f__Campylobacteraceae|g__Campylobacter|s__Campylobacter_upsaliensis|t__Campylobacter_upsaliensis_unclassified	0	0	0.03342	0	0	0	0	0	0	0	0	0
k__Bacteria|p__Proteobacteria|c__Gammaproteobacteria	0.09251	0.66495	0.35297	0.10366	0	0.09684	0	11.49157	6.61691	0.28468	2.37215	0.06059
k__Bacteria|p__Proteobacteria|c__Gammaproteobacteria|o__Enterobacteriales	0.02748	0.65231	0.05356	0.0538	0	0.09684	0	11.4328	2.2534	0.00712	2.28673	0.00484
k__Bacteria|p__Proteobacteria|c__Gammaproteobacteria|o__Enterobacteriales|f__Enterobacteriaceae	0.02748	0.65231	0.05356	0.0538	0	0.09684	0	11.4328	2.2534	0.00712	2.28673	0.00484
k__Bacteria|p__Proteobacteria|c__Gammaproteobacteria|o__Enterobacteriales|f__Enterobacteriaceae|g__Citrobacter	0	0	0	0.0381	0	0	0	0	0	0	0	0
k__Bacteria|p__Proteobacteria|c__Gammaproteobacteria|o__Enterobacteriales|f__Enterobacteriaceae|g__Citrobacter|s__Citrobacter_freundii	0	0	0	0.00413	0	0	0	0	0	0	0	0
k__Bacteria|p__Proteobacteria|c__Gammaproteobacteria|o__Enterobacteriales|f__Enterobacteriaceae|g__Citrobacter|s__Citrobacter_freundii|t__Citrobacter_freundii_unclassified	0	0	0	0.00413	0	0	0	0	0	0	0	0
k__Bacteria|p__Proteobacteria|c__Gammaproteobacteria|o__Enterobacteriales|f__Enterobacteriaceae|g__Citrobacter|s__Citrobacter_unclassified	0	0	0	0.03398	0	0	0	0	0	0	0	0
k__Bacteria|p__Proteobacteria|c__Gammaproteobacteria|o__Enterobacteriales|f__Enterobacteriaceae|g__Escherichia	0.02748	0.65231	0.05356	0.0157	0	0.09684	0	11.4328	2.2534	0.00712	2.18265	0.00484
k__Bacteria|p__Proteobacteria|c__Gammaproteobacteria|o__Enterobacteriales|f__Enterobacteriaceae|g__Escherichia|s__Escherichia_coli	0	0.6122	0.03672	0	0	0.0756	0	9.89619	2.17879	0	2.00833	0
k__Bacteria|p__Proteobacteria|c__Gammaproteobacteria|o__Enterobacteriales|f__Enterobacteriaceae|g__Escherichia|s__Escherichia_coli|t__Escherichia_coli_unclassified	0	0.6122	0.03672	0	0	0.0756	0	9.89619	2.17879	0	2.00833	0
k__Bacteria|p__Proteobacteria|c__Gammaproteobacteria|o__Enterobacteriales|f__Enterobacteriaceae|g__Escherichia|s__Escherichia_unclassified	0.02748	0.04011	0.01685	0.0157	0	0.02123	0	1.5366	0.07461	0.00712	0.17432	0.00484
k__Bacteria|p__Proteobacteria|c__Gammaproteobacteria|o__Enterobacteriales|f__Enterobacteriaceae|g__Klebsiella	0	0	0	0	0	0	0	0	0	0	0.03019	0
k__Bacteria|p__Proteobacteria|c__Gammaproteobacteria|o__Enterobacteriales|f__Enterobacteriaceae|g__Klebsiella|s__Klebsiella_unclassified	0	0	0	0	0	0	0	0	0	0	0.03019	0
k__Bacteria|p__Proteobacteria|c__Gammaproteobacteria|o__Enterobacteriales|f__Enterobacteriaceae|g__Raoultella	0	0	0	0	0	0	0	0	0	0	0.0739	0
k__Bacteria|p__Proteobacteria|c__Gammaproteobacteria|o__Enterobacteriales|f__Enterobacteriaceae|g__Raoultella|s__Raoultella_ornithinolytica	0	0	0	0	0	0	0	0	0	0	0.0739	0
k__Bacteria|p__Proteobacteria|c__Gammaproteobacteria|o__Enterobacteriales|f__Enterobacteriaceae|g__Raoultella|s__Raoultella_ornithinolytica|t__GCF_000367425	0	0	0	0	0	0	0	0	0	0	0.0739	0
k__Bacteria|p__Proteobacteria|c__Gammaproteobacteria|o__Pasteurellales	0.06503	0.01264	0.2994	0.04986	0	0	0	0.05878	4.36351	0.27756	0.08542	0.05575
k__Bacteria|p__Proteobacteria|c__Gammaproteobacteria|o__Pasteurellales|f__Pasteurellaceae	0.06503	0.01264	0.2994	0.04986	0	0	0	0.05878	4.36351	0.27756	0.08542	0.05575
k__Bacteria|p__Proteobacteria|c__Gammaproteobacteria|o__Pasteurellales|f__Pasteurellaceae|g__Actinobacillus	0	0	0	0	0	0	0	0	0.03765	0	0	0
k__Bacteria|p__Proteobacteria|c__Gammaproteobacteria|o__Pasteurellales|f__Pasteurellaceae|g__Actinobacillus|s__Actinobacillus_unclassified	0	0	0	0	0	0	0	0	0.03765	0	0	0
k__Bacteria|p__Proteobacteria|c__Gammaproteobacteria|o__Pasteurellales|f__Pasteurellaceae|g__Haemophilus	0.06503	0.01264	0.2994	0.04986	0	0	0	0.05878	4.32586	0.27756	0.08542	0.05575
k__Bacteria|p__Proteobacteria|c__Gammaproteobacteria|o__Pasteurellales|f__Pasteurellaceae|g__Haemophilus|s__Haemophilus_parainfluenzae	0.06503	0.01264	0.2994	0.04986	0	0	0	0.05878	4.28453	0.27179	0.08542	0.05575
k__Bacteria|p__Proteobacteria|c__Gammaproteobacteria|o__Pasteurellales|f__Pasteurellaceae|g__Haemophilus|s__Haemophilus_parainfluenzae|t__Haemophilus_parainfluenzae_unclassified	0.06503	0.01264	0.2994	0.04986	0	0	0	0.05878	4.28453	0.27179	0.08542	0.05575
k__Bacteria|p__Proteobacteria|c__Gammaproteobacteria|o__Pasteurellales|f__Pasteurellaceae|g__Haemophilus|s__Haemophilus_sputorum	0	0	0	0	0	0	0	0	0.04133	0.00577	0	0
k__Bacteria|p__Proteobacteria|c__Gammaproteobacteria|o__Pasteurellales|f__Pasteurellaceae|g__Haemophilus|s__Haemophilus_sputorum|t__Haemophilus_sputorum_unclassified	0	0	0	0	0	0	0	0	0.04133	0.00577	0	0
k__Bacteria|p__Verrucomicrobia	0	1.2359	0.01973	0.54936	0	9.00959	0.08016	0	0	0	0	0.1801
k__Bacteria|p__Verrucomicrobia|c__Verrucomicrobiae	0	1.2359	0.01973	0.54936	0	9.00959	0.08016	0	0	0	0	0.1801
k__Bacteria|p__Verrucomicrobia|c__Verrucomicrobiae|o__Verrucomicrobiales	0	1.2359	0.01973	0.54936	0	9.00959	0.08016	0	0	0	0	0.1801
k__Bacteria|p__Verrucomicrobia|c__Verrucomicrobiae|o__Verrucomicrobiales|f__Verrucomicrobiaceae	0	1.2359	0.01973	0.54936	0	9.00959	0.08016	0	0	0	0	0.1801
k__Bacteria|p__Verrucomicrobia|c__Verrucomicrobiae|o__Verrucomicrobiales|f__Verrucomicrobiaceae|g__Akkermansia	0	1.2359	0.01973	0.54936	0	9.00959	0.08016	0	0	0	0	0.1801
k__Bacteria|p__Verrucomicrobia|c__Verrucomicrobiae|o__Verrucomicrobiales|f__Verrucomicrobiaceae|g__Akkermansia|s__Akkermansia_muciniphila	0	1.2359	0.01973	0.54936	0	9.00959	0.08016	0	0	0	0	0.1801
k__Bacteria|p__Verrucomicrobia|c__Verrucomicrobiae|o__Verrucomicrobiales|f__Verrucomicrobiaceae|g__Akkermansia|s__Akkermansia_muciniphila|t__GCF_000020225	0	1.2359	0.01973	0.54936	0	9.00959	0.08016	0	0	0	0	0.1801
k__Viruses	0.01034	0.01755	0	5.26921	0	0	0	0.01595	2.08521	0	0	0.63714
k__Viruses|p__Viruses_noname	0.01034	0.01755	0	5.26921	0	0	0	0.01595	2.08521	0	0	0.63714
k__Viruses|p__Viruses_noname|c__Viruses_noname	0.01034	0.01755	0	5.26921	0	0	0	0.01595	2.08521	0	0	0.63714
k__Viruses|p__Viruses_noname|c__Viruses_noname|o__Caudovirales	0	0.01755	0	5.26921	0	0	0	0	2.08521	0	0	0.63714
k__Viruses|p__Viruses_noname|c__Viruses_noname|o__Caudovirales|f__Siphoviridae	0	0.01755	0	5.26921	0	0	0	0	2.08521	0	0	0.63714
k__Viruses|p__Viruses_noname|c__Viruses_noname|o__Caudovirales|f__Siphoviridae|g__C2likevirus	0	0.01755	0	0.52957	0	0	0	0	0	0	0	0
k__Viruses|p__Viruses_noname|c__Viruses_noname|o__Caudovirales|f__Siphoviridae|g__C2likevirus|s__C2likevirus_unclassified	0	0.01755	0	0.52957	0	0	0	0	0	0	0	0
k__Viruses|p__Viruses_noname|c__Viruses_noname|o__Caudovirales|f__Siphoviridae|g__Siphoviridae_noname	0	0	0	4.73964	0	0	0	0	2.08521	0	0	0.63714
k__Viruses|p__Viruses_noname|c__Viruses_noname|o__Caudovirales|f__Siphoviridae|g__Siphoviridae_noname|s__Lactococcus_phage_BM13	0	0	0	0	0	0	0	0	0	0	0	0.1225
k__Viruses|p__Viruses_noname|c__Viruses_noname|o__Caudovirales|f__Siphoviridae|g__Siphoviridae_noname|s__Lactococcus_phage_BM13|t__PRJNA213076	0	0	0	0	0	0	0	0	0	0	0	0.1225
k__Viruses|p__Viruses_noname|c__Viruses_noname|o__Caudovirales|f__Siphoviridae|g__Siphoviridae_noname|s__Lactococcus_phage_jm2	0	0	0	2.24071	0	0	0	0	0	0	0	0
k__Viruses|p__Viruses_noname|c__Viruses_noname|o__Caudovirales|f__Siphoviridae|g__Siphoviridae_noname|s__Lactococcus_phage_jm2|t__PRJNA213074	0	0	0	2.24071	0	0	0	0	0	0	0	0
k__Viruses|p__Viruses_noname|c__Viruses_noname|o__Caudovirales|f__Siphoviridae|g__Siphoviridae_noname|s__Lactococcus_phage_phi7	0	0	0	2.49893	0	0	0	0	0	0	0	0
k__Viruses|p__Viruses_noname|c__Viruses_noname|o__Caudovirales|f__Siphoviridae|g__Siphoviridae_noname|s__Lactococcus_phage_phi7|t__PRJNA213073	0	0	0	2.49893	0	0	0	0	0	0	0	0
k__Viruses|p__Viruses_noname|c__Viruses_noname|o__Caudovirales|f__Siphoviridae|g__Siphoviridae_noname|s__Lactococcus_phage_ul36	0	0	0	0	0	0	0	0	0	0	0	0.51464
k__Viruses|p__Viruses_noname|c__Viruses_noname|o__Caudovirales|f__Siphoviridae|g__Siphoviridae_noname|s__Lactococcus_phage_ul36|t__PRJNA14331	0	0	0	0	0	0	0	0	0	0	0	0.51464
k__Viruses|p__Viruses_noname|c__Viruses_noname|o__Caudovirales|f__Siphoviridae|g__Siphoviridae_noname|s__Leuconostoc_phage_P793	0	0	0	0	0	0	0	0	2.08521	0	0	0
k__Viruses|p__Viruses_noname|c__Viruses_noname|o__Caudovirales|f__Siphoviridae|g__Siphoviridae_noname|s__Leuconostoc_phage_P793|t__PRJNA195531	0	0	0	0	0	0	0	0	2.08521	0	0	0
k__Viruses|p__Viruses_noname|c__Viruses_noname|o__Viruses_noname	0.01034	0	0	0	0	0	0	0.01595	0	0	0	0
k__Viruses|p__Viruses_noname|c__Viruses_noname|o__Viruses_noname|f__Potyviridae	0.01034	0	0	0	0	0	0	0	0	0	0	0
k__Viruses|p__Viruses_noname|c__Viruses_noname|o__Viruses_noname|f__Potyviridae|g__Potyvirus	0.01034	0	0	0	0	0	0	0	0	0	0	0
k__Viruses|p__Viruses_noname|c__Viruses_noname|o__Viruses_noname|f__Potyviridae|g__Potyvirus|s__Dasheen_mosaic_virus	0.01034	0	0	0	0	0	0	0	0	0	0	0
k__Viruses|p__Viruses_noname|c__Viruses_noname|o__Viruses_noname|f__Potyviridae|g__Potyvirus|s__Dasheen_mosaic_virus|t__PRJNA15388	0.01034	0	0	0	0	0	0	0	0	0	0	0
k__Viruses|p__Viruses_noname|c__Viruses_noname|o__Viruses_noname|f__Retroviridae	0	0	0	0	0	0	0	0.01595	0	0	0	0
k__Viruses|p__Viruses_noname|c__Viruses_noname|o__Viruses_noname|f__Retroviridae|g__Alpharetrovirus	0	0	0	0	0	0	0	0.01595	0	0	0	0
k__Viruses|p__Viruses_noname|c__Viruses_noname|o__Viruses_noname|f__Retroviridae|g__Alpharetrovirus|s__Avian_myelocytomatosis_virus	0	0	0	0	0	0	0	0.01595	0	0	0	0
k__Viruses|p__Viruses_noname|c__Viruses_noname|o__Viruses_noname|f__Retroviridae|g__Alpharetrovirus|s__Avian_myelocytomatosis_virus|t__PRJNA14909	0	0	0	0	0	0	0	0.01595	0	0	0	0